Category,Outbreak,Location,Continent,Lat,Long,Year,Cases,Fatalities,Impact Scale,Source Citation,Source
Whooping Cough,Whooping Cough,Pennsylvania,North America,41.53508,-78.52238,2008,32,0,Cluster,"The Herald. ""Local whooping cough outbreak sickens 32."" November 26, 2008.",http://www.sharonherald.com/local/x1208362045/Local-whooping-cough-outbreak-sickens-32
Whooping Cough,Whooping Cough,South Dakota,North America,43.969515,-99.901813,2008,67,0,Epidemic,"South Dakota Department of Health. ""INFECTIOUS DISEASES IN SOUTH DAKOTA 2008.""",https://doh.sd.gov/statistics/2008Vital/Disease.pdf
Mumps,Mumps,Boston,North America,42.358431,-71.059773,2009,9,0,Secondary,"Smith, Stephen. ""9 at Northeastern may have mumps."" The Boston Globe, April 18, 2009.",http://www.boston.com/news/education/higher/articles/2009/04/18/9_at_northeastern_may_have_mumps/
Measles,Measles,Iowa,North America,43.14507,-95.14432,2009,1,0,Isolated,"KTIV. ""Measles reported in Spencer, Iowa area."" April 16, 2009",http://www.ktiv.com/story/10198872/measles-reported-in-spencer-iowa-area
Measles,Measles,Maryland,North America,39.045755,-76.641271,2009,4,0,Secondary,"Carrick, Nathan . ""Fourth case of measles reported in Montgomery."" Gazzette.net, April 13, 2009.",http://www.gazette.net/stories/04132009/rocknew181816_32500.shtml
Measles,Measles,New York,North America,40.714353,-74.005973,2009,11,0,Cluster,"New York City Department of Health and Mental Hygiene, ""Health Department Advises New York City Doctors to be on the Lookout for Measles,"" July 2, 2009.",http://www.nyc.gov/html/doh/html/pr2009/pr046-09.shtml
Mumps,Mumps,New York,North America,40.714353,-74.1505973,2009,57,0,Epidemic,"Huffingtonpost, ""Brooklyn Mumps Outbreak: 57 Confirmed Cases In Borough Park,"" October 23, 2009.",http://www.huffingtonpost.com/2009/10/23/brooklyn-mumps-outbreak-5_n_331420.html
Whooping Cough,Whooping Cough,North Dakota,North America,47.55149,-101.00201,2009,30,0,Cluster,"Whooping Cough Cases Up, Bismark Tribune, October 30, 2012.",http://bismarcktribune.com/news/local/whooping-cough-cases-up/article_e20d196c-22c0-11e2-9f61-0019bb2963f4.html
Measles,Measles,Pennsylvania,North America,39.95233,-75.16379,2009,1,0,Isolated,"Student Health Service University of Pennsylvania. February 24, 2009.",http://www.vpul.upenn.edu/shs/health_advisory_measles.php
Measles,Measles,Pennsylvania,North America,40.44062,-79.99589,2009,5,0,Isolated,"Templeton, David. ""Source of Measles outbreak was visitor from India."" Pittsburgh Post Gazette. April 10, 2009.",http://www.post-gazette.com/local/city/2009/04/10/Source-of-measles-outbreak-was-visitor-from-India/stories/200904100138
Measles,Measles,Virginia,North America,37.431573,-78.656894,2009,6,0,Secondary,"Bahrampour, Tara . ""Va. Home to Area's 6th Measles Case."" The Washington Post, April 22, 2009.",http://www.washingtonpost.com/wp-dyn/content/article/2009/04/21/AR2009042103045_pf.html
Mumps,Mumps,California,North America,36.778261,-119.7932,2010,9,0,Cluster,"Los Angeles Times, ""Mumps, whooping cough, measles ... Maybe vaccines are a good idea after all,"" May 17, 2010.",http://latimesblogs.latimes.com/booster_shots/2010/05/mumps-whooping-cough-measles-maybe-vaccines-are-a-good-idea-after-all.html
Whooping Cough,Whooping Cough,California,North America,36.888261,-119.417932,2010,5270,9,Epidemic,"Doheny, Kathleen. ""Unraveling the Whooping Cough Epidemic."" WebMD. October 1, 2010.",http://www.webmd.com/children/vaccines/features/california-whooping-cough-epidemic
Other,Meningitis,Colorado,North America,39.550051,-105.782067,2010,5,2,Secondary,"Nicholson, Kieran . ""Bacterial meningitis kills second metro-area youth."" The Denver Post, April 24, 2010.",http://www.denverpost.com/news/ci_14948857
Other,Chicken Pox,Florida,North America,27.664827,-81.515754,2010,41,0,Epidemic,"Redlup, Tina. ""Chickenpox outbreak in Florida."" May 12, 2010.",http://vaccinenewsdaily.com/news/213007-chickenpox-outbreak-in-florida
Whooping Cough,Whooping Cough,Georgia,North America,32.157435,-82.907123,2010,247,0,Epidemic,"Georgia Department of Public Health. ""Annual Vaccine Preventable Diseases Surveillance Report – Georgia, 2010."" 2010.",http://dph.georgia.gov/sites/dph.georgia.gov/files/related_files/site_page/ADES_2010_VPD_Report.pdf
Whooping Cough,Whooping Cough,Idaho,North America,44.068202,-114.742041,2010,77,0,Epidemic,"Nadvornick, Doug. ""North Idaho Suffers Through Whooping Cough Outbreak ."" OPB News, July 22, 2010.",http://news.opb.org/article/2009519-north-idaho-suffers-through-whooping-cough-outbreak/
Whooping Cough,Whooping Cough,Indiana,North America,40.551217,-85.602364,2010,500,2,Epidemic,"Cierzniewski, Angie. ""Pertussis: On the Rise in Indiana."" Indiana Epidemiology Newsletter, November 2010.",http://www.in.gov/isdh/files/Epi_V18_N05_2010_Sept_Oct.pdf
Measles,Measles,Massachusetts,North America,42.40721,-71.38244,2010,2,0,Secondary,"Hernandez, R . ""Notes from the Field: Measles Transmission Associated with International Air Travel --- Massachusetts and New York, July--August 2010."" Center for Disease Control and Prevention, August 27, 2010.",http://www.cdc.gov/mmwr/preview/mmwrhtml/mm5933a4.htm?s_cid=mm5933a4_e
Whooping Cough,Whooping Cough,Minnesota,North America,45.15382,-94.6859,2010,46,0,Epidemic,"Herriman, Robert. ""Whooping cough outbreak in Minnesota."" Examiner, May 14, 2010.",http://www.examiner.com/infectious-disease-in-national/whooping-cough-outbreak-minnesota
Mumps,Mumps,Nebraska,North America,42.499198,-98.374572,2010,20,0,Secondary,"The Associated Press. ""Nebraska mumps cases linked to basketball tourney."" JournalStar.com, May 7, 2010.",http://journalstar.com/news/state-and-regional/nebraska/article_2389184e-5a02-11df-9d65-001cc4c002e0.html
Mumps,Mumps,New York,North America,40.71435,-74.00597,2010,3502,0,Epidemic,"Barskey, Albert E. ""Mumps outbreak in Orthodox Jewish Communities in the United States."" New England Journal of Medicine. November 2012.",http://www.nejm.org/doi/full/10.1056/NEJMoa1202865
Mumps,Mumps,North Carolina,North America,35.759573,-79.0193,2010,1,0,Isolated,"Duke Today. ""Mumps Exposure in North Carolina."" May 4, 2010.",http://www.dukenews.duke.edu/2010/05/mumps.html
Whooping Cough,Whooping Cough,North Dakota,North America,47.55149,-101.00201,2010,58,0,Cluster,"Whooping Cough Cases Up, Bismark Tribune, October 30, 2012.",http://bismarcktribune.com/news/local/whooping-cough-cases-up/article_e20d196c-22c0-11e2-9f61-0019bb2963f4.html
Whooping Cough,Whooping Cough,Ohio,North America,40.417287,-82.907123,2010,36,0,Cluster,"The Buckelye Lake Beacon. ""Fairfield Medical sees increase in Pertussis cases."" July 24,2010.",http://www.buckeyelakebeacon.net/news/2010-07-24/News/Fairfield_Medical_sees_increase_in_Pertussis_cases.html
Mumps,Mumps,Pennsylvania,North America,41.203322,-77.194525,2010,9,0,Cluster,"WCAX. ""9 confirmed mumps cases at Plattsburgh State."" April 1, 2010.",http://www.wcax.com/Global/story.asp?S=12239717
Mumps,Mumps,Texas,North America,31.968599,-99.001424,2010,1,0,Isolated,"Fullhart, Steve. ""Mumps Cases in Brazos County."" KBTX, April 30, 2010.",http://www.kbtx.com/home/headlines/92499409.html
Whooping Cough,Whooping Cough,Washington,North America,47.751074,-120.740139,2010,2,1,Isolated,"Riggs, Dee. ""Grant County baby dies from whooping cough."" The Wenachee World, August 26, 2010.",http://www.wenatcheeworld.com/news/2010/aug/26/grant-county-baby-dies-from-whooping-cough/
Measles,Measles,,North America,37.09024,-95.712891,2011,98,0,Epidemic,"Dyess, Drucilla . ""U.S. Part of Growing Spread of Global Measles Outbreak ."" Health News, May 16, 2011.",http://www.healthnews.com/Categories/Alerts-Updates/US-Part-of-Growing-Spread-of-Global-Measles-Outbreak
Measles,Measles,California,North America,36.778261,-119.417932,2011,28,0,Secondary,"Gorman, Ana . ""California leads U.S. in measles cases."" Los Angeles Times, September 22, 2011.","http://www.latimes.com/news/local/la-me-measles-20110922,0,6705186.story"
Measles,Measles,Florida,North America,27.664827,-81.015754,2011,1,0,Isolated,"Shrieves, Linda . ""Orlando preschooler diagnosed with measles is area's first case in 17 years."" Orlando Sentinel, May 13, 2011.","http://www.orlandosentinel.com/health/os-orlando-measles-20110513,0,585164.story"
Measles,Measles,Indiana,North America,40.551217,-85.602364,2011,14,0,Cluster,"Center for Disease Control and Prevention, ""Notes from the Field: Measles Outbreak --- Indiana, June--July 2011,"" September 2, 2011.",http://www.cdc.gov/mmwr/preview/mmwrhtml/mm6034a5.htm
Measles,Measles,Iowa,North America,41.878003,-93.097702,2011,1,0,Isolated,"Measles case confirmed in central Iowa, emergency declared, page 1. AboveTopSecret.com - Conspiracy Theories, UFOs, Paranormal, Political Madness, and other ""Alternative Topics"".",http://www.abovetopsecret.com/forum/thread708291/pg1
Measles,Measles,Kansas,North America,38.845412,-94.852064,2011,2,0,Secondary,"KMBC. ""2 More Cases Of Measles Surface In Johnson County."" May 2, 2011.",http://www.kmbc.com/r/27745305/detail.html
Whooping Cough,Whooping Cough,Kansas,North America,38.97167,-95.23525,2011,6,0,Cluster,"The Associated Press. ""NE Kansas reports 6 cases of whooping cough."" news tribune, October 28, 2011.",http://www.newstribune.com/news/2011/oct/28/ne-kansas-reports-6-cases-whooping-cough/
Measles,Measles,Maine,North America,45.253783,-69.445469,2011,1,0,Isolated,"Maine Government News, ""Potential Exposure to Measles in Southern Maine,"" July 22, 2011.",http://www.maine.gov/tools/whatsnew/index.php?topic=Portal+News&id=272233&v=article-2008
Measles,Measles,Maryland,North America,39.04575,-76.64127,2011,2,0,Secondary,"ABC 7, ""Two measles cases confirmed in Montgomery County,"" September 2, 2011.",http://www.wjla.com/articles/2011/09/two-measles-cases-confirmed-in-montgomery-county-66025.html
Measles,Measles,Massachusetts,North America,42.407211,-71.382437,2011,12,0,Cluster,"The Associated Press. ""2 more measles cases reported in Massachusetts."" Boston Herald, May 26, 2011.",http://www.bostonherald.com/news/regional/view/201105262_more_measles_cases_reported_in_massachusetts/srvc=home&position=recent
Measles,Measles,Michigan,North America,44.314844,-85.602364,2011,1,0,Isolated,"Iannelli, Vincent . ""Measles Case Count."" About Pediatrics - Pediatric Parenting and Medical Advice.",http://pediatrics.about.com/b/2011/04/07/measles-case-count.htm
Other,Tetanus,Michigan,North America,44.314844,-85.602364,2011,3,0,Secondary,"CBS Detroit. ""3 Cases Of Tetanus Reported In Michigan."" July 28, 2011.",http://detroit.cbslocal.com/2011/07/28/3-cases-of-tetanus-reported-in-michigan/
Measles,Measles,Minnesota,North America,46.72955,-94.6859,2011,26,0,Epidemic,"Howatt, Glen. ""Three measles cases confirmed in Hennepin County in unvaccinated toddlers."" Star Tribune. April 13, 2017.",http://www.startribune.com/three-measles-cases-confirmed-in-hennepin-county/419425734/
Measles,Measles,New Jersey,North America,40.058324,-74.405661,2011,4,0,Secondary,"Fabrikant, Mel . ""Measles Cases Reported In New Jersey: Health Dept. Urges Immunization."" The Pramus Post, July 1, 2011.",http://www.paramuspost.com/article.php/20110701163335826
Measles,Measles,New Mexico,North America,34.97273,-105.032364,2011,1,0,Isolated,"Griswald, Shaun. KOB.com, ""NM officials: Baby in Lincoln County has measles ,"" September 17, 2011.",http://www.kob.com/article/stories/S2288730.shtml
Measles,Measles,New York,North America,40.65001,-73.95001,2011,6,0,Secondary,"Hartocollis, Anemona. ""Health Department Reports Spike in Measles Cases in Brooklyn."" The New York Times, October 21, 2011.",http://cityroom.blogs.nytimes.com/2011/10/21/health-department-reports-spike-in-measles-cases-in-brooklyn/
Measles,Measles,New York,North America,40.714353,-73.995973,2011,2,0,Cluster,"Center for Disease Control and Prevention, ""Measles --- United States, January--May 20, 2011,"" May 27, 2011.",http://www.cdc.gov/mmwr/preview/mmwrhtml/mm6020a7.htm
Measles,Measles,New York,North America,40.714353,-74.15973,2011,1,0,Isolated,"Staff Reporter. Official Wire, ""RPI Student Confirmed To Have Measles,"" May 18, 2011.",http://www.officialwire.com/main.php?action=posted_news&rid=53181&catid=60
Measles,Measles,New York,North America,40.714353,-73.005973,2011,1,0,Isolated,"NY 1 News, ""DOH: Higher Number Of Measles Cases Reported,"" June 8, 2011.",http://www.ny1.com/content/top_stories/140597/doh--higher-number-of-measles-cases-reported
Whooping Cough,Whooping Cough,North Dakota,North America,47.55149,-101.00201,2011,70,0,Epidemic,"Whooping Cough Cases Up, Bismark Tribune, October 30, 2012.",http://bismarcktribune.com/news/local/whooping-cough-cases-up/article_e20d196c-22c0-11e2-9f61-0019bb2963f4.html
Measles,Measles,Pennsylvania,North America,40.4108,-75.24791,2011,4,0,Isolated,"Center for Infectious Disease Research and Policy, ""Pennsylvania officials warn about measles exposures,"" May 6, 2011.",http://www.cidrap.umn.edu/cidrap/content/other/news/may0611measles.html
Measles,Measles,Pennsylvania,North America,40.371376,-77.240515,2011,5,0,Cluster,"Fowler, Wade. ""Health department acts to contain measles outbreak."" PennLive, February 10, 2011.",http://www.pennlive.com/perry-county-times/index.ssf/2011/02/health_department_acts_to_cont.html
Measles,Measles,Rhode Island,North America,41.580095,-71.477429,2011,1,0,Isolated,"Allen, Jane. ""New Jersey, Northeast States on Alert for Measles From Sick Italian Traveler ."" ABC News, April 29, 2011.",http://abcnews.go.com/Health/w_ParentingResource/measles-outbreak-jersey-rhode-island-warn-people-watch/story?id=13493663
Measles,Measles,Tennessee,North America,35.517491,-86.580447,2011,2,0,Cluster,"Jones, Tiana . ""Number of measles cases rises."" WKRN-TV (Nashville), May 17, 2011.",http://www.wkrn.com/story/14665577/number-of-measles-cases-on-the-rise
Measles,Measles,Texas,North America,31.968599,-99.901813,2011,1,0,Isolated,"Houston Chronicle. ""Houston sees its first case of measles in years."" Chron (Houston ), April 2, 2011.",http://www.chron.com/disp/story.mpl/metropolitan/7503980.html
Measles,Measles,Utah,North America,41.756,-111.76147,2011,6,0,Isolated,"Preusz, Jared. ""6 cases of measles confirmed in Cache County."" FOX 13, July 11, 2011.","http://www.fox13now.com/news/local/kstu-utah-measles-6-cases-of-measles-confirmed-in-cache-county-20110711,0,2777089.story"
Measles,Measles,Utah,North America,39.32098,-111.09373,2011,4,0,Cluster,"Zoler, Mitchel. ""Measles Called 'Eliminated' in U.S. Despite Outbreak."" Skin and Allergy News, November 11, 2012.",http://www.skinandallergynews.com/news/medical-dermatology/single-article/measles-called-eliminated-in-us-despite-outbreak/12550505d6.html
Whooping Cough,Whooping Cough,Virginia,North America,36.94463,-80.32131,2011,32,0,Cluster,"Barnett, Erin. ""Floyd school to re-open Monday after whooping cough outbreak."" WSLS10. April 6, 2011.",http://www.wsls.com/story/20826636/floyd-school-to-re-open-monday-after-whooping-cough-outbreak
Measles,Measles,Virginia,North America,37.431573,-78.656894,2011,3,0,Secondary,"Stover, Chris . ""UPDATE: Measles Case Closes Charlottesville School ."" NewPLEX.com, May 27, 2011.",http://www.newsplex.com/home/headlines/Confirmed_Cases_of_Measles_in_Charlottesville_122652194.html
Measles,Measles,Wisconsin,North America,43.78444,-88.78787,2011,3,0,Secondary,"The Associated Press. ""Measles Cases Traced to Unvaccinated Tot ."" WMTV, September 22, 2011.",http://www.nbc15.com/state/headlines/Measles_Cases_Traced_to_Unvaccinated_Tot_130397013.html
Whooping Cough,Whooping Cough,Wisconsin,North America,44.85045,-89.8505,2011,1078,0,Epidemic,"Larsen, Jessica. ""County Reports Spike in Whooping Cough Cases."" LaCrosse Tribune. May 18, 2012.",http://lacrossetribune.com/news/local/county-reports-spike-in-whooping-cough-cases/article_aac24a22-a101-11e1-b8f2-001a4bcf887a.html
Whooping Cough,Whooping Cough,Arizona,North America,33.44838,-112.07404,2012,1,1,Isolated,"Hee Lee, Michelle Ye. ""Phoenix-area whooping-cough death 1st since 2009."" AZCentral.Com, April 25, 2012.",http://www.azcentral.com/news/articles/2012/04/25/20120425phoenix-area-whooping-cough-death-1st-since-2009.html
Measles,Measles,Arizona,North America,34.04893,-111.09373,2012,1,0,Isolated,"Arizona Daily Sun, ""Measles case surfaces in Flagstaff,"" July 19, 2012.",http://azdailysun.com/news/local/measles-case-surfaces-in-flagstaff/article_e1b77779-6dcf-50b6-9139-2ccea376fbf3.html
Measles,Measles,Arkansas,North America,35.20523,-91.82562,2012,2,0,Cluster,"Rusty Mizell. ""Measles Cases Confirmed."" The Spirit of Arkansas. August 30, 2012.",http://www.katv.com/story/19421520/measles-cases-confirmed
Measles,Measles,California,North America,34.17053,-118.53234,2012,2,0,Cluster,"Abram, Susan. ""Providence Tarzana Medical Center reports 2 cases of measles."" Daily News Los Angeles, April 26, 2012.",http://www.dailynews.com/health/ci_20492252/providence-tarzana-medical-center-reports-2-cases-measles
Mumps,Mumps,California,North America,37.87533,-122.24556,2012,29,0,Cluster,"""Mumps Outbreak on a University Campus - California."" Morbidity and Mortality Weekly Report, October 7, 2012.",http://www.cdc.gov/mmwr/preview/mmwrhtml/mm6148a2.htm?s_cid=mm6148a2_e
Whooping Cough,Whooping Cough,Colorado,North America,39.64026,-106.3742,2012,1510,0,Epidemic,"Centers for Disease Control and Prevention, ""Pertussis (whooping cough) outbreaks,"" January 9, 2013.",http://www.cdc.gov/pertussis/outbreaks.html
Measles,Measles,Delaware,North America,39.29067,-75.63437,2012,1,0,Isolated,"ABC Local. ""Measles case confirmed in Delaware child."" January 27, 2012.",http://abclocal.go.com/wpvi/story?section=news/health&id=8522260&rss=rss-wpvi-article-8522260
Whooping Cough,Whooping Cough,Florida,North America,26.1901,-80.36586,2012,4,0,Cluster,"Local 10. ""Pertussis identified in Broward Co."" April 14, 2012.",http://www.local10.com/thats-life/health/Pertussis-identified-in-Broward-Co/-/1717022/10808020/-/lns7waz/-/
Whooping Cough,Whooping Cough,Florida,North America,27.99036,-82.30177,2012,40,0,Epidemic,"Maher, Irene. ""Whooping Cough Hits Hillsborough."" The Ledger. June 2, 2012.",http://www.theledger.com/article/20120602/NEWS/120609903/1374
Whooping Cough,Whooping Cough,Idaho,North America,42.58364,-112.14302,2012,1,1,Isolated,"Taylor, Jake. ""Whooping Cough Takes Life Of Local Infant."" Local News 8. May 3, 2012.",http://www.localnews8.com/news/31002886/detail.html
Whooping Cough,Whooping Cough,Illinois,North America,42.30401,-88.4016,2012,313,0,Epidemic,"ABC News, ""313 whooping cases confirmed in McHenry County."" March 7, 2012.",http://abclocal.go.com/wls/story?section=news/local/illinois&id=8572713
Whooping Cough,Whooping Cough,Illinois,North America,38.90414,-89.92532,2012,19,0,Cluster,"Donald, Elizabeth. ""Another Five Cases of Whooping Cough Reported in Madison County."" Highland News Leader. May 18, 2012.",http://www.bnd.com/2012/05/18/2180254/another-five-cases-of-whooping.html
Measles,Measles,Indiana,North America,40.01062,-86.49965,2012,16,0,Cluster,"Indiana State Department of Health. ""16 Confirmed Cases of Measles in Central Indiana."" February 24, 2012.",http://www.in.gov/activecalendar/EventList.aspx?view=EventDetails&eventidn=53452&information_id=107209&type=&syndicate=syndicate
Other,Chicken Pox,Indiana,North America,39.41654,-87.42075,2012,100,0,Epidemic,"""W. Indiana county tops 100 chickenpox cases."" San Francisco Chronicle, November 20, 2012.",http://www.sfgate.com/news/article/W-Indiana-county-tops-100-chickenpox-cases-4052864.php
Whooping Cough,Whooping Cough,Iowa,North America,41.88618,-93.11531,2012,270,0,Epidemic,"Hinz, Tina. ""More pertussis cases reported in county."" Wateroo-Cedar Falls Courier. May 31, 2012.",http://wcfcourier.com/news/local/more-pertussis-cases-reported-in-county/article_f7e2cc33-a86d-586c-ab02-a4fb634b50c3.html
Measles,Measles,Kansas,North America,37.97169,-100.87266,2012,6,0,Cluster,"KAKE News. ""Health Officials Investigate Measles Outbreak In Finney County ."" January 25, 2012",http://www.kake.com/news/headlines/Health_Officials_Investigate_Measles_Outbreak_In_Finney_County_138063683.html
Whooping Cough,Whooping Cough,Maine,North America,44.76504,-69.71938,2012,80,0,Epidemic,"Farwell, Jackie. ""Whooping cough spreads in Maine; health officials urge child vaccination."" Maine Sun Journal. June 6, 2012.",http://www.sunjournal.com/news/maine/0001/11/30/whooping-cough-spreads-maine-health-officials-urge/1206060
Whooping Cough,Whooping Cough,Maryland,North America,39.03665,-76.64612,2012,133,0,Epidemic,"Bellmyer, Jane. ""Officials: Whooping cough cases on the rise."" Cecil Daily. July 22, 2012.",http://www.cecildaily.com/news/local_news/article_ad08f7a6-d46c-11e1-9c05-0019bb2963f4.html
Measles,Measles,Michigan,North America,42.59219,-83.33619,2012,1,0,Isolated,"Clickon Detroit. ""Measles case confirmed in Oakland County."" January 23, 2012",http://www.clickondetroit.com/lifestyle/health/Measles-case-confirmed-in-Oakland-County/-/2300442/8488876/-/s9cmc3/-/
Whooping Cough,Whooping Cough,Minnesota,North America,45.63014,-94.01909,2012,14,0,Cluster,"Hunt, Greg. ""Whooping cough is making rounds again in Isanti County."" Isanti County News. July 11, 2012.",http://isanticountynews.com/2012/07/11/whooping-cough-is-making-rounds-again-in-isanti-county/
Whooping Cough,Whooping Cough,Minnesota,North America,43.99518,-92.38136,2012,98,0,Epidemic,"Helms, Aubrey. ""Pertussis still a threat in Olmsted County."" Fox 47. July 13, 2012.",http://www.myfox47.com/story/18964061/pertussis-still-a-threat-in-olmsted-county
Whooping Cough,Whooping Cough,Minnesota,North America,45.02089,-93.50946,2012,4433,0,Epidemic,"Centers for Disease Control and Prevention, ""Pertussis (whooping cough) outbreaks,"" January 9, 2013.",http://www.cdc.gov/pertussis/outbreaks.html
Whooping Cough,Whooping Cough,Missouri,North America,37.20896,-93.2923,2012,4,0,Cluster,"NewsLeader. ""Cases of whooping cough on the rise."" February 28, 2012.",http://www.news-leader.com/article/20120228/NEWS01/302280038
Whooping Cough,Whooping Cough,Montana,North America,46.55886,-110.36257,2012,355,0,Epidemic,"Montana DPHHS, ""Montana DPHHS Pertussis Update: 7/20/2012,"" July 20, 2012.",http://www.dphhs.mt.gov/publichealth/immunization/documents/MontanaPertussisUpdate.pdf
Whooping Cough,Whooping Cough,Nevada,North America,36.07956,-115.09405,2012,22,0,Cluster,"Bleakley, Caroline. ""Health District Reports 22 Cases of Pertussis."" 8 News Now. July 11, 2012.",http://www.8newsnow.com/story/18983109/health-district-reports-22-cases-of-pertussis
Whooping Cough,Whooping Cough,New Jersey,North America,40.08213,-74.2097,2012,14,0,Cluster,"Nee, Daniel and Graelyn Brashear. ""14 Cases of Whooping Cough Confirmed in Ocean County."" Toms River Patch, February 22, 2012.",http://tomsriver.patch.com/articles/14-cases-of-whooping-cough-confirmed-in-ocean-county
Whooping Cough,Whooping Cough,New Mexico,North America,34.51994,-105.87009,2012,112,1,Epidemic,"NM Whoop Cough Cases Up As Fewer Get Shots. NECN.com. May 16, 2012.",http://www.necn.com/05/16/12/NM-whoop-cough-cases-up-as-fewer-get-sho/landing_health.html?&apID=0b788266a3e6414fa858d16378d59b61
Measles,Measles,New Mexico,North America,34.52452,-105.87962,2012,1,0,Isolated,"Diven, Bill. ""Measles case reported in northern N.M."" Kasa. June 28, 2012.",http://www.kasa.com/dpps/news/news_health/measles-case-reported-in-northern-nm_4220132
Measles,Measles,New York,North America,41.86438,-74.32843,2012,1,0,Isolated,"WABC, ""Confirmed case of measles in Ulster County,"" September 21, 2012.",http://abclocal.go.com/wabc/story?section=news/local/northern_suburbs&id=8820413
Whooping Cough,Whooping Cough,New York,North America,40.84288,-73.29289,2012,1288,0,Epidemic,"The Republic, ""Schumer says government should provide free whooping cough vaccinations as NY cases triple,"" July 22 2012.",http://www.therepublic.com/view/story/5f708205499f42468aa928c633fad1de/NY--Whooping-Cough-Schumer
Whooping Cough,Whooping Cough,North Carolina,North America,36.01174,-79.42538,2012,82,0,Epidemic,"McGowan, Molly. ""Whooping cough outbreak climbs to 82 cases."" Times-News, February 25, 2012.",http://www.thetimesnews.com/articles/pertussis-52838-department-outbreak.html
Whooping Cough,Whooping Cough,North Dakota,North America,47.55149,-101.00201,2012,179,0,Epidemic,"Whooping Cough Cases Up, Bismark Tribune, October 30, 2012.",http://bismarcktribune.com/news/local/whooping-cough-cases-up/article_e20d196c-22c0-11e2-9f61-0019bb2963f4.html
Whooping Cough,Whooping Cough,Oregon,North America,43.80413,-120.5542,2012,458,0,Epidemic,"Malee, Patrick. ""Officials call pertussis alert: A public health official says low vaccination rates leave children vulnerable against whooping cough."" The Register-Guard.July 10, 2012.",http://www.registerguard.com/web/newslocalnews/28363316-41/health-county-cases-lane-pertussis.html.csp
Whooping Cough,Whooping Cough,Pennsylvania,North America,40.44508,-80.00877,2012,46,0,Cluster,"County Health Department Reports Growing Incidence of Whooping Cough. Patch. May 18, 2012.",http://plum-oakmont.patch.com/articles/county-health-department-reports-growing-incidence-of-whooping-cough
Whooping Cough,Whooping Cough,South Carolina,North America,34.90462,-82.64834,2012,2,0,Cluster,"WSPA. ""2 Cases Of Whooping Cough Confirmed In the Upstate."" March 23, 2012.",http://www2.wspa.com/news/2012/mar/23/two-cases-whooping-cough-confirmed-upstate-ar-3464828/
Whooping Cough,Whooping Cough,Texas,North America,31.13268,-97.52993,2012,32,0,Cluster,"KWTX. ""More Than 30 Cases Of Whooping Cough Now Confirmed Here."" April 9, 2012.",http://www.kwtx.com/news/health/headlines/More_Than_20_Cases_Of_Whooping_Cough_Confirmed_Here_146687055.html
Whooping Cough,Whooping Cough,Utah,North America,40.96288,-112.09533,2012,1497,0,Epidemic,"Williams, Melinda. ""Adults also need pertussis vaccine."" The Davis Clipper. March 4, 2013.",http://www.davisclipper.com/view/full_story/21844561/article-Adults-also-need--pertussis-vaccine?instance=secondary_stories_left_column
Whooping Cough,Whooping Cough,Vermont,North America,44.5588,-72.57784,2012,632,0,Epidemic,"Centers for Disease Control and Prevention, ""Pertussis (whooping cough) outbreaks,"" January 9, 2013.",http://www.cdc.gov/pertussis/outbreaks.html
Measles,Measles,Washington,North America,46.1746472,-122.7746902,2012,1,0,Isolated,"Leslie Slape, ""Measles case identified at Woodland Primary School,"" The Daily News, November 1, 2012.",http://tdn.com/news/local/measles-case-identified-at-woodland-primary-school/article_30b89f9a-2489-11e2-8370-0019bb2963f4.html
Whooping Cough,Whooping Cough,Wisconsin,North America,44.26193,-88.41538,2012,5923,0,Epidemic,"Centers for Disease Control and Prevention, ""Pertussis (whooping cough) outbreaks,"" January 9, 2013.",http://www.cdc.gov/pertussis/outbreaks.html
Measles,Measles,New Jersey,North America,40.56811,-74.59502,2012,2,0,Cluster,"Hubbard, Daniel. ""Annual Number Of N.J. Measles Cases Fast Approaching Recent 2-Year Total."" Wayne Patch. January 31, 2017.",http://patch.com/new-jersey/wayne/annual-number-n-j-measles-cases-fast-approaching-recent-2-year-total
Measles,Measles,Nationwide,North America,38.75408,-96.06445,2013,175,0,Epidemic,"WXYZ News. ""CDC to address recent spike in measles cases."" December 5, 2013.",http://www.wxyz.com/dpp/news/cdc-to-address-recent-spike-in-measles-cases
Whooping Cough,Whooping Cough,Arizona,North America,34.04893,-111.09373,2013,12000,0,Epidemic,"McClay, Bob. ""Whooping cough outbreak concerns Arizona health officers."" KTAR. November 14, 2013.",http://ktar.com/22/1677183/Whooping-cough-outbreak-concerns-Arizona-health-officers
Other,Typhoid,California,North America,37.76922,-122.44814,2013,1,0,Isolated,"""Typhoid Fever in Restaurant Worker,"" San Francisco Department of Health, May 3, 2013.",http://www.sfdph.org/dph/files/newsMediadocs/2013PR/TyphoidFeverv1.pdf
Whooping Cough,Whooping Cough,Colorado,North America,40.53713,-102.34639,2013,14,0,Cluster,"Fort Morgan Times. ""Pertussis infections on the rise in northeast Colorado."" December 6, 2013.",http://www.fortmorgantimes.com/fort-morgan-local-news/ci_24669544/pertussis-infections-rise-northeast-colorado
Measles,Measles,Florida,North America,27.664827,-81.515754,2013,5,0,Secondary,"CDC. ""Measles Outbreak in an Unvacccinated Family and a Possibly Associated International Traveler."" September 12, 2014.",http://www.cdc.gov/mmwr/preview/mmwrhtml/mm6336a1.htm?s_cid=mm6336a1_e
Whooping Cough,Whooping Cough,Kansas,North America,38.84541,-94.85206,2013,491,0,Epidemic,"Johnson County Department of Health and Environment. ""Report only PCR positive pertussis results."" January 18, 2013.",http://jcdhe.jocogov.org/subscribe/newsletter/epi/01/1116
Mumps,Mumps,Maryland,North America,39.34624,-76.61818,2013,12,0,Cluster,"Medical Daily. ""Mumps Virus Outbreak in Baltimore's Loyola University."" March 14, 2013.",http://www.medicaldaily.com/articles/14257/20130314/mumps-virus-outbreak-baltimore-loyola-university.htm
Measles,Measles,Michigan,North America,44.26413,-85.63602,2013,2,0,Isolated,"WNEM.com. ""Measles Cases in Michigan, Nationally concern health officials."" September 23, 2013.",http://www.wnem.com/story/23504322/measles-cases-in-michigan-nationally-concern-health-officials
Whooping Cough,Whooping Cough,Montana,North America,48.42415,-114.15315,2013,225,0,Epidemic,"""Pertussis reports pour in from around MT."" KPAX 8. September 3, 2013.",http://www.kpax.com/news/pertussis-reports-pour-in-from-around-mt/
Measles,Measles,New Jersey,North America,40.56811,-74.59502,2013,15,0,Cluster,"Hubbard, Daniel. ""Annual Number Of N.J. Measles Cases Fast Approaching Recent 2-Year Total."" Wayne Patch. January 31, 2017.",http://patch.com/new-jersey/wayne/annual-number-n-j-measles-cases-fast-approaching-recent-2-year-total
Mumps,Mumps,New Jersey,North America,40.05832,-74.40566,2013,1,0,Isolated,"SFGate. ""Number of suspected mumps cases in NJ grows."" September 13, 2013.",http://www.sfgate.com/news/article/Number-of-suspected-mumps-cases-in-NJ-grows-4812886.php
Whooping Cough,Whooping Cough,New Mexico,North America,35.1107,-106.60999,2013,331,0,Epidemic,"Clark, Carol A. ""More than 300 Cases of Pertussis Reported in New Mexico."" Los Alamos Daily Post. August 30, 2013.",http://www.ladailypost.com/content/more-300-cases-pertussis-reported-new-mexico
Measles,Measles,New York,North America,40.70645,-73.95362,2013,58,0,Cluster,"McKay, Betsy. ""Brooklyn Measles Outbreak Shows Risks."" Wall Street Journal. July 19, 2013.",http://online.wsj.com/article/SB10001424127887324251504578578054234429308.html
Whooping Cough,Whooping Cough,New York,North America,44.44731,-74.93021,2013,11,0,Cluster,"Watertown Daily Times. ""Public Health: Outbreak of Whooping Cough in St. Lawrence County."" September 24, 2013.",http://www.watertowndailytimes.com/article/20130924/DCO/709249745
Whooping Cough,Whooping Cough,North Carolina,North America,35.77959,-78.63818,2013,326,0,Epidemic,"""Pertussis outbreak continues in North Carolina."" Healio. August 28, 2013.",http://www.healio.com/pediatrics/respiratory-infections/news/online/%7B7807cb8d-980c-4c34-899b-63cdd8554a2f%7D/pertussis-outbreak-continues-in-north-carolina
Measles,Measles,North Carolina,North America,36.0263,-79.10969,2013,23,0,Cluster,"Baines, Miranda. ""Measles cases have state health officials concerned."" The Daily Southerner. May 17, 2013.",http://dailysoutherner.com/local/x319988597/Measles-cases-have-state-health-officials-concerned
Whooping Cough,Whooping Cough,Ohio,North America,39.89121,-83.67739,2013,901,0,Epidemic,"Latta, Tiffany Y. ""Clark pertussis cases still rising."" Springfield News Sun. December 8, 2013.",http://www.springfieldnewssun.com/news/news/local/clark-pertussis-cases-still-rising/ncDhn/
Measles,Measles,Oregon,North America,44.84464,-122.59274,2013,6,0,Epidemic,"Hayes, Elizabeth. ""Measles cases are on the rise but there's no need to panic."" Portland Business Journal. June 5, 2014.",http://www.bizjournals.com/portland/blog/health-care-inc/2014/06/measles-cases-are-on-the-rise-but-theres-no-need.html
Measles,Measles,Seminole County,North America,28.71317,-81.20782,2013,2,0,Isolated,"Comas, Martin E. ""Seminole County confirms second case of measles."" Orlando Sentinel. March 15, 2013.","http://www.orlandosentinel.com/news/local/breakingnews/os-measles-seminole-health-20130315,0,292076.story"
Measles,Measles,South Florida,North America,26.1901,-80.36586,2013,1,0,Isolated,"WSVN-TV. ""1 So. Fla. measles case reported."" March 28, 2013.",http://www.wsvn.com/news/articles/local/21010221063363/1-so-fla-measles-case-reported/
Measles,Measles,Texas,North America,29.77518,-95.31025,2013,1,0,Isolated,"Christian, Carol. ""County's first reported case of measles since 2011 seen in 1-year-old."" Houston Chronicle, April 13, 2013.",http://www.chron.com/news/houston-texas/houston/article/County-s-1st-reported-case-of-measlessince-4432426.php
Measles,Measles,Texas,North America,32.72541,-97.32085,2013,16,0,Cluster,"God Discussion. ""Measles outbreak at Copeland church reveals that majority of victims were never vaccinated."" September 10, 2013.""",http://www.goddiscussion.com/114130/measles-outbreak-at-copeland-church-reveals-that-majority-of-victims-were-never-vaccinated/
Whooping Cough,Whooping Cough,Texas,North America,30.26382,-97.77139,2013,3482,0,Epidemic,"Karnes, Cliff. ""Record Cases of Pertussis Reported Across the State, Three Reported in Brown County."" Brownwood News. December 20, 2013.",http://www.brownwoodnews.com/index.php?option=com_content&view=article&id=14057
Mumps,Mumps,Virginia,North America,37.54072,-77.43605,2013,15,0,Cluster,"WRIC . ""Mumps Outbreak Widens At University of Richmond."" March 27, 2013.",http://www.wric.com/story/21807983/mumps-outbreak-widens-at-university-of-richmond
Measles,Measles,Washington,North America,47.56541,-122.00357,2013,2,0,Isolated,"Gustafson, Jeanne, ""Klahanie Measles Case Reported,"" Sammamish-Issaquah Patch, January 30, 2012.",http://sammamish.patch.com/articles/klahanie-measles-case-reported
Measles,Measles,Washington,North America,47.60621,-122.33207,2013,2,0,Isolated,"Kirotv.com. ""Seattle officials' warning about local measles cases."" July 17, 2013.",http://www.kirotv.com/news/news/seattle-officals-warning-aboud-local-measles-cases/nYtXt/
Whooping Cough,Whooping Cough,Washington,North America,47.28668,-119.28955,2013,4783,0,Epidemic,"Centers for Disease Control and Prevention, ""Pertussis (whooping cough) outbreaks,"" January 9, 2013.",http://www.cdc.gov/pertussis/outbreaks.html
Measles,Measles,Washington,North America,47.54803,-121.9836,2013,2,0,Isolated,"Snoqualmie Valley Record. ""Health officials announce public exposures to new Eastside measles case,"" September 11, 2013.",http://www.valleyrecord.com/community/223334261.html
Whooping Cough,Whooping Cough,Wisconsin,North America,44.38358,-89.81735,2013,31,0,Epidemic,"Neupert, Raymond. ""Health officials seeing more pertussis cases in central Wisconsin."" WSAU. December 20, 2013.",http://wsau.com/news/articles/2013/dec/20/health-officials-seeing-more-pertussis-cases-in-central-wisconsin/
Whooping Cough,Whooping Cough,Alabama,North America,30.69537,-88.03989,2014,15,0,Cluster,"Fambro, Cassie. ""Whooping cough outbreak not slowing down in Mobile."" AL.com. June 20, 2014.",http://www.al.com/news/mobile/index.ssf/2014/06/whooping_cough_outbreak_not_sl.html
Whooping Cough,Whooping Cough,Alaska,North America,64.83778,-147.71639,2014,130,0,Epidemic,"Newsminer.com. ""More than 100 cases of whooping cough reported in 2014 in Alaska."" January 4, 2015.",http://www.newsminer.com/features/health/more-than-cases-of-whooping-cough-reported-in-in-alaska/article_55b07906-94b4-11e4-bab0-2f9260573e86.html
Whooping Cough,Whooping cough,California,North America,37.46738,-126.339112,2014,10831,1,Epidemic,"Herriman, Robert. ""California pertussis cases top 10,000 for 2014."" Outbreak News Today. January 12, 2015.",http://outbreaknewstoday.com/california-pertussis-cases-top-10000-for-2014/
Whooping Cough,Whooping Cough,Colorado,North America,40.5266,-104.48,2014,116,0,Epidemic,"CBS Denver. ""Whooping Cough Cases Rise in Weld County, Impact Schools."" October 3, 2014.",http://denver.cbslocal.com/2014/10/03/whooping-cough-cases-rise-in-weld-county-impact-schools/
Whooping Cough,Whooping Cough,Delaware,North America,39.14406,-75.43447,2014,48,0,Cluster,"Montgomery, Jeff and Bothum, Kelly. ""Whooping cough hits Kent County Amish community."" Delaware Online. February 7, 2014.",http://www.delawareonline.com/article/20140208/HEALTH/302080029/Whooping-cough-hits-Kent-County-Amish-community
Whooping Cough,Whooping Cough,Idaho,North America,43.47877,-116.24203,2014,287,1,Epidemic,"KPVI. ""Idaho Attributes Increase in Pertussis to Low Vaccination Rates."" n.d.",http://www.kpvi.com/content/news/local/story/Idaho-Attributes-Increase-in-Pertussis-to-Low/M2FEtvj900SynGy_dNF1Tw.cspx
Mumps,Mumps,Idaho,North America,46.72881,-117.01261,2014,10,0,Cluster,"Idaho Department of Health and Welfare. ""Mumps Outbreak Involving University of Idaho Students Prompts Public Health Officials to Urge Students to Check Vaccination Records and Get Vaccinated."" November 21, 2014.",http://www.healthandwelfare.idaho.gov/Default.aspx?tabid=130&ctl=ArticleView&mid=3061&articleId=1801
Whooping Cough,Whooping Cough,Illinois,North America,39.0108,-89.7878,2014,24,0,Cluster,"Madden, Roche. ""CDC monitoring whooping cough outbreak in Staunton, Illinois."" KPLR St. Louis. October 29, 2014.",http://kplr11.com/2014/10/29/cdc-monitoring-whooping-cough-outbreak-in-staunton-illinois/
Whooping Cough,Whooping Cough,Kansas,North America,38.36138,-98.76515,2014,1,1,Isolated,"Fasbinder, Devon. ""Whooping cough kills six-week-old boy in Barton County."" KWCH. January 27, 2015.",http://www.kwch.com/news/local-news/Whooping-cough-kills-six-week-old-boy-in-Barton-County/30955922
Whooping Cough,Whooping Cough,Maine,North America,43.38453,-70.54399,2014,6,0,Cluster,"Liepman, Lindsay. ""Whooping cough cases on the rise."" WMTW. April 30, 2014.",http://www.wmtw.com/health/whooping-cough-cases-on-the-rise/25740834
Whooping Cough,Whooping Cough,Massachusetts,North America,41.72,-70.25,2014,17,0,Cluster,"CapeCod.com NewsCenter. ""17 Falmouth Students Out WIth Whooping Cough."" November 19, 2014.",http://www.capecod.com/newscenter/falmouth-students-whooping-cough/
Whooping Cough,Whooping Cough,Michigan,North America,42.59387,-85.90844,2014,1424,0,Epidemic,"Tanner, Kristi. ""Whooping cough cases keep climbing in Michigan."" Detroit Free Press. February 17, 2017.",http://www.freep.com/story/opinion/contributors/raw-data/2017/02/17/whooping-cough-rise-michigan/97986438/
Whooping Cough,Whooping Cough,Minnesota,North America,44.41,-92.72,2014,11,0,Cluster,"Simmons, Taj. ""Zumbrota-Mazeppa schools dealing with whooping cough outbreak."" KTTC. November 18, 2014.",http://www.kttc.com/story/27422372/2014/11/18/zumbrota-mazeppa-schools-dealing-with-whooping-cough-outbreak
Whooping Cough,Whooping Cough,Montana,North America,47.49418,-111.28334,2014,423,0,Epidemic,"DeMarco, Margaret. ""3rd case of pertussis confirmed at CMR in Great Falls."" December 11, 2014.",http://www.krtv.com/news/3rd-case-of-pertussis-confirmed-at-cmr-in-great-falls/
Whooping Cough,Whooping Cough,Nebraska,North America,40.81056,-96.68028,2014,110,0,Epidemic,"Ozaki, Andrew. ""Lincoln health officials seeing unprecedented number of whooping cough cases."" KETV. December 26, 2014.",http://www.ketv.com/news/lincoln-health-officials-seeing-unprecedented-number-of-whooping-cough-cases/30415802
Whooping Cough,Whooping Cough,Nevada,North America,41.13,-115.35,2014,14,0,Cluster,"Elko Daily Free Press. ""Whooping cough outbreak in Elko County."" October 30, 2014.",http://elkodaily.com/news/pertussis-outbreak-in-elko-county/article_f30bc607-9aea-5462-b5cb-1d5cff469f70.html
Whooping Cough,Whooping Cough,New Jersey,North America,40.3571,-74.6702,2014,3,0,Cluster,"Knapp, Krystal. ""Another Case of Whooping Cought Confirmed in Princeton Public Schools."" Princeton Planet. October 27, 2014.",http://planetprinceton.com/2014/10/27/another-case-of-whooping-cough-confirmed-in-princeton-public-schools/
Whooping Cough,Whooping Cough,New York,North America,44.79042,-73.60058,2014,2,0,Cluster,"Livingston, Ashleigh. ""Pertussis confirmed in Clinton County schools."" Press Republican. December 3, 2014.",http://www.pressrepublican.com/news/local_news/pertussis-confirmed-in-clinton-county-schools/article_b06299d8-148d-5200-9bd1-cfadcff10f47.html
Whooping Cough,Whooping Cough,New York,North America,43.02163,-78.96573,2014,13,0,Cluster,"WGRZ. ""Uptick in pertussis cases reported in Erie County."" December 10, 2014.",http://www.wgrz.com/story/news/health/2014/12/09/pertussis-erie-county-november/20140395/
Whooping Cough,Whooping Cough,North Carolina,North America,35.59314,-82.47528,2014,19,0,Cluster,"Field, Carla. ""Whooping cough outbreak reported in WNC."" WYFF. December 12, 2014.",http://www.wyff4.com/news/Whooping-cough-outbreak-reported-in-WNC/30200514
Measles,Measles,North Carolina,North America,35.58486,-80.81007,2014,1,0,Isolated,"Neporent, Liz. ""Why New North Carolina Measles Cases Worries Health Officials."" ABC News. December 30, 2014.",http://abcnews.go.com/Health/north-carolina-measles-cases-worries-health-officials/story?id=27903231
Whooping Cough,Whooping Cough,Ohio,North America,39.1,-84.5167,2014,20,0,Cluster,"Graham, Gordon. ""Whooping cough outbreak strikes two area schools."" Fox 19. November 12, 2014.",http://www.fox19.com/story/27356205/whooping-cough-outbreak-strikes-two-area-schools
Whooping Cough,Whooping Cough,Ohio,North America,40.36116,-83.75966,2014,10,0,Cluster,"Bondus, Brian. ""Bellefontaine schools see pertussis outbreak."" Springfield News-Sun. June 6, 2014.",http://www.limaohio.com/news/news/1407377/Bellefontaine-schools-see-pertussis-outbreak
Mumps,Mumps,Ohio,North America,39.96118,-82.99879,2014,483,0,Epidemic,"Franko, Cantelle. ""Ohio measles outbreak appears to end, with 377 total cases; officials still watching for mumps."" Associated Press. September 9, 2014.",http://www.dailyjournal.net/view/story/78f17758774942db88ac74b5846319f8/OH--Measles-Ohio/
Whooping Cough,Whooping Cough,Oregon,North America,36.26615,-94.47998,2014,29,0,Cluster,"Lodi News-Sentinel, ""San Joaquin County reports death from whooping cough ."" March 6, 2015.",http://www.lodinews.com/news/article_691509ea-c3d9-11e4-9b64-bbc28dc835c9.html
Whooping Cough,Whooping Cough,Pennsylvania,North America,40.44508,-80.00877,2014,140,0,Epidemic,"WTAE. ""Allegheny County Health Department Reports Growing Incidence of Pertussis."" December 11, 2014.",http://www.wtae.com/health/allegheny-county-health-department-reports-growing-incidence-of-pertussis/30177816
Mumps,Mumps,Pennsylvania,North America,40.43918,-79.98966,2014,5,0,Cluster,"Born, Molly. ""Mumps outbreak stumps Allegheny County health officials."" Pittsburgh-Post Gazette. January 7, 2015.",http://www.post-gazette.com/news/health/2015/01/07/Mumps-outbreak-stumps-Allegheny-County-health-officials/stories/201501070175
Whooping Cough,Whooping Cough,Pennsylvania,North America,40.44062,-79.99589,2014,11,0,Cluster,"News 11. ""11 cases of whooping cough reported at local high school; Officials urge vaccinating."" May 14, 2014.",http://www.wpxi.com/news/news/local/11-cases-whooping-cough-confirmed-allderdice-high-/nfwSs/
Whooping Cough,Whooping Cough,South Carolina,North America,34.90462,-82.64834,2014,30,0,Cluster,"Osby, Liv. ""Whooping cough causes concern in Pickens County."" Greenville Online. May 12, 2014.",http://www.greenvilleonline.com/story/news/local/2014/05/12/whooping-cough-causes-concern-pickens-county/8987555/
Whooping Cough,Whooping Cough,South Dakota,North America,44.49082,-103.85937,2014,10,0,Epidemic,"Watson, Mark. ""Whooping cough outbreak in Spearfish."" Black Hills Pioneer. May 23, 2014.",http://www.bhpioneer.com/local_news/article_eac415a6-e290-11e3-9878-001a4bcf887a.html
Whooping Cough,Whooping Cough,Utah,North America,41.26026,-111.95225,2014,748,0,Epidemic,"Wood, Benjamin. ""East High School fighting whooping cough outbreak."" Salt Lake Tribune. December 4, 2014.",http://www.sltrib.com/news/1908090-155/east-high-school-fighting-whooping-cough
Whooping Cough,Whooping Cough,Virginia,North America,37.41375,-79.14225,2014,1,0,Isolated,"Brooke, Katie. ""Whooping Cough Cases Increases."" ABC 13. February 24,2014.",http://www.wset.com/story/24808757/whooping-cough-cases-increasing
Whooping Cough,Whooping Cough,Virginia,North America,38.90855,-77.24052,2014,4,0,Cluster,"Cooper, Rebecca. ""After 3 confirmed cases in Montgomery County, whooping cough spreads to Fairfax County."" ABC News 7. September 1, 2014.",http://www.wjla.com/articles/2014/09/after-3-confirmed-cases-in-montgomery-county-whooping-cough-spreads-to-fairfax-county-106658.html
Whooping Cough,Whooping Cough,Virginia,North America,36.89494,-82.11608,2014,18,0,Cluster,"Trent, Amy. ""Health officials: Look out for pertussis symptoms."" Lynchburg News and Advance. December 10, 2014.",http://www.newsadvance.com/news/local/pertussis-cases-increasing-in-southwestern-virginia/article_68bc8884-8085-11e4-b9d8-d360dd5c2e53.html
Mumps,Mumps,Wisconsin,North America,43.07305,-89.40123,2014,5,0,Cluster,"Welter, Janet. ""Mumps - USA (04): (WI) Update."" ProMED Mail. April 18, 2014.",http://www.promedmail.org/direct.php?id=2413572
Measles,Measles,Nationwide,North America,37.09024,-95.712891,2014,667,0,Epidemic,"Fox47. ""Officials confirm 1st measles case in Michigan this year."" March 29, 2017.",http://www.fox47news.com/yes/yestohealth/officials-confirm-1st-measles-case-in-michigan-this-year
Measles,Measles,Minnesota,North America,45.01632,-93.7191,2015,1,0,Isolated,"Center for Disease Control and Prevention. "" Measles Cases and Outbreaks."" February 20, 2015.",http://www.cdc.gov/measles/cases-outbreaks.html
Measles,Measles,Alaska,North America,64.83778,-147.71596,2015,1,0,Secondary,"Hanlon, Tegan. ""Fairbanks man who traveled to Mongolia has measles, Alaska's first case in 15 years."" Alaska Dispatch News. June 9, 2015.",http://www.adn.com/article/20150609/fairbanks-measles-case-alaskas-first-more-decade-health-officials-say
Measles,Measles,Arizona,North America,35.0313,-110.47163,2015,7,0,Secondary,"Center for Disease Control and Prevention. ""U.S. Multi-state Measles Outbreak 2014—2015."" February 20, 2015.",http://www.cdc.gov/measles/multi-state-outbreak.html
Whooping Cough,Whooping Cough,Arizona,North America,33.24056,-109.283153,2015,8,0,Cluster,"Bell, David. ""Graham keeping close eye on Greenlee pertussis cases."" Eastern Arizona Courier. September 1, 2015.",http://www.eacourier.com/news/graham-keeping-close-eye-on-greenlee-pertussis-cases/article_43425666-4ded-11e5-9d14-93621c811cfc.html
Measles,Measles,Berkeley,North America,37.87159,-122.27275,2015,1,0,Isolated,"Outbreak News Today. ""Measles confirmed in UC Berkeley student, community encouraged to vaccinate."" September 1, 2015",http://outbreaknewstoday.com/measles-confirmed-in-uc-berkeley-student-community-encouraged-to-vaccinate-35299/
Measles,Measles,California,North America,33.81049,-117.919,2015,129,0,Epidemic,"California Department of Public Health. ""Measles.""March 6, 2015.",http://www.cdph.ca.gov/HealthInfo/discond/Documents/Measles_update_3_-_6_-_2015_public.pdf
Whooping Cough,Whooping cough,California,North America,37.91759,-121.17104,2015,23,2,Cluster,"Lodi News-Sentinel. ""San Joaquin County reports death from whooping cough ."" March 6, 2015.",http://www.lodinews.com/news/article_691509ea-c3d9-11e4-9b64-bbc28dc835c9.html
Measles,Measles,Colorado,North America,39.64026,-106.3742,2015,1,0,Secondary,"California Department of Public Health. ""Measles."" January 21, 2015.",http://www.cdph.ca.gov/HealthInfo/discond/Pages/Measles.aspx
Measles,Measles,Delaware,North America,39.5393,-75.66736,2015,1,0,Isolated,"Lehman, Tom. ""Woman in New Castle County contracts measles, first Delaware case since 2012."" WDEL 1150 AM. January 31, 2015.",http://www.wdel.com/story.php?id=65870
Measles,Measles,Florida,North America,27.69477,-80.54384,2015,5,0,Cluster,"Mayk, Lauren. ""Measles cases reported in Florida."" News Channel 8. May 4, 2015.",http://www.wfla.com/story/28974297/measles-cases-reported-in-florida
Measles,Measles,Georgia,North America,32.17507,-82.8545,2015,1,0,Isolated,"Center for Disease Control and Prevention. ""Measles Cases and Outbreaks."" February 20, 2015.",http://www.cdc.gov/measles/cases-outbreaks.html
Measles,Measles,Georgia,North America,34.23585,-84.14351,2015,1,0,Isolated,"11 Alive. ""CDC to release results of measles tests."" May 7, 2015.",http://www.11alive.com/story/news/local/suwanee/2015/05/06/measles-forsyth-county/70890294/
Mumps,Mumps,Idaho,North America,43.61871,-116.21461,2015,21,0,Epidemic,"Fonda, Brandon. ' Mumps outbreak in Moscow makes its way to Boise."" Idaho ON Your Side. February 8, 2015.",http://www.jrn.com/kivitv/news/Mumps-outbreak-in-Moscow-makes-its-way-to-Boise-291131761.html
Mumps,Mumps,Illinois,North America,40.101952,-88.227162,2015,101,0,Epidemic,"Pressey, Debra. ""Updated: Number of mumps cases tops 100 in local outbreak; more clinics set."" The News Gazette. August 26, 2015.",http://www.news-gazette.com/news/local/2015-08-26/updated-number-mumps-cases-tops-100-local-outbreak-more-clinics-set.html
Mumps,Mumps,Illinois,North America,40.5352293,-89.0143482,2015,16,0,Cluster,"Ragusa, Joe. ""Mumps outbreak declared at Heartland Community College."" WJBC Local News. September 16, 2015.",http://www.wjbc.com/2015/09/16/mumps-outbreak-declared-at-heartland-community-college/
Mumps,Mumps,Illinois,North America,40.484864,-88.975651,2015,3,0,Cluster,"James, Terry. ""Mumps outbreak at Bloomington High School."" WJBC. October 1, 2015.",http://www.wjbc.com/2015/10/01/mumps-outbreak-at-bloomington-high-school/
Measles,Measles,Illinois,North America,39.78172,-89.65015,2015,15,0,Cluster,"Center for Disease Control and Prevention. ""Measles Cases and Outbreaks."" March 13, 2015.",http://www.cdc.gov/measles/cases-outbreaks.html
Whooping Cough,Whooping Cough,Indiana,North America,38.60561,-86.10109,2015,3,0,Epidemic,"Ragsdale, Travis. ""Health officials warn against Whooping Cough as cases appear in southern Indiana."" WDRB.com. January 14, 2015.",http://www.wdrb.com/story/27853773/health-officials-warn-against-whooping-cough-as-cases-appear-in-southern-indiana
Mumps,Mumps,Iowa,North America,41.6699,-91.5984,2015,15,0,Cluster,"Carlson, Mark. ""As mumps cases increase in Johnson County, officials push vaccination."" KCRG. August 19, 2015",http://www.kcrg.com/subject/news/health/as-mumps-cases-increase-in-johnson-county-officials-push-vaccination-20150819
Whooping Cough,Whooping Cough,Kansas,North America,38.36138,-98.76515,2015,27,0,Cluster,"Hadfield, Molly. ""27 Confirmed Cases of Whooping Cough in 2015 in Barton County."" KSN. June 16, 2015.",http://ksn.com/2015/06/16/27-confirmed-cases-of-whooping-cough-in-2015-in-barton-county/
Whooping Cough,Whooping Cough,Kansas,North America,37.95696,-98.04652,2015,41,0,Epidemic,"Green, John. ""Whooping cough outbreak won't give up."" Hutchinson News. July 25, 2015.",http://www.hutchnews.com/news/local_state_news/whooping-cough-outbreak-won-t-give-up/article_be45552e-7d31-5647-b2e0-1f76fa58365f.html
Whooping Cough,Whooping Cough,Kentucky,North America,39.0186719,-84.581888,2015,9,0,Cluster,"Bonis, Liz. ""Health Alert: Rise in cases of Whooping Cough."" Local 12 WKRC Cincinnati. September 8, 2015.",http://www.local12.com/news/features/top-stories/stories/Health-Alert-Rise-in-cases-of-Whooping-Cough-201756.shtml
Measles,Measles,Michigan,North America,42.59106,-83.327,2015,1,0,Isolated,"McNeill, John. ""Measles case recorded in Eastern Michigan."" WIN 98.5 News. January 24, 2015.",http://wincountry.com/news/articles/2015/jan/24/measles-case-recorded-in-eastern-michigan/
Other,Chicken Pox,Michigan,North America,43.294941,-86.126106,2015,4,0,Cluster,"Miller, Sarah. ""Chicken Pox Virus Spreads Through School Bus."" Live Science. September 8, 2016.",http://www.livescience.com/56031-chickenpox-school-bus.html?utm_source=Twitter&utm_medium=Twitter&utm_campaign=socialtwitterls&cmpid=social_ls_514645
Mumps,Mumps,Missouri,North America,38.94038,-92.3277,2015,6,0,Cluster,"Addo, Koran. ""Health officials monitoring undisclosed number of people after Mizzou mumps outbreak."" St. Louis Post-Dispatch. July 28, 2015.",http://www.stltoday.com/lifestyles/health-med-fit/health-officials-monitoring-undisclosed-number-of-people-after-mizzou-mumps/article_d159f5ba-2f97-5819-9f7f-46b1214c1a01.html
Other,Chicken Pox,Missouri,North America,39.09973,-94.57857,2015,2,0,Cluster,"McCollough, Andy. ""Kelvin Herrera, Alex Rios infected as chickenpox hits Royals' clubhouse."" The Kansas City Star. September 1, 2015.",http://www.kansascity.com/sports/mlb/kansas-city-royals/article33222444.html
Measles,Measles,Missouri,North America,44.97399,-93.22773,2015,1,0,Isolated,"Smith, Mary Lynn. ""University of Minnesota student diagnosed with measles; other students, doctors alerted."" Star Tribune. January 29, 2015.",http://www.startribune.com/lifestyle/health/290151131.html
Measles,Measles,Nebraska,North America,41.2657,-96.10507,2015,3,0,Cluster,"NTV. ""Second case of measles in Nebraska confirmed in Lincoln county."" April 17, 2017.",http://nebraska.tv/news/local/second-case-of-measles-in-nebraska-confirmed-in-lincoln-county
Measles,Measles,Nevada,North America,36.07956,-115.09405,2015,9,0,Cluster,"Center for Disease Control and Prevention. "" Measles Cases and Outbreaks."" February 20, 2015.",http://www.cdc.gov/measles/cases-outbreaks.html
Whooping Cough,Whooping Cough,New Jersey,North America,39.9652553,-74.3118212,2015,3,0,Secondary,"Wall, Karen. ""Whooping Cough Outbreak Reported In Ocean County: Report."" Brick Patch. November 11, 2015.",http://patch.com/new-jersey/brick/whooping-cough-outbreak-reported-ocean-county-report-0
Measles,Measles,New Jersey,North America,39.80559,-74.55947,2015,2,0,Cluster,"Center for Disease Control and Prevention. "" Measles Cases and Outbreaks."" March 13, 2015.",http://www.cdc.gov/measles/cases-outbreaks.html
Measles,Measles,New Jersey,North America,40.53012,-74.31693,2015,1,0,Isolated,"NBC News. ""Health Officials Issue Warning After Measles Case Confirmed in New Jersey."" May 28, 2015.",http://www.nbcnewyork.com/news/local/Measles-New-Jersey-Case-Funeral-Home-Middlesex-County-Symptoms-Contagious-Disease-Viral-Illness-305355471.html
Mumps,Mumps,Texas,North America,31.968599,-99.901813,2015,2,0,Cluster,"KVUE NBC. ""6 other likely mumps cases at UT, 2 confirmed."" May 22, 2015.",http://www.kvue.com/news/health/6-other-likely-mumps-cases-at-ut-2-confirmed/152552600
Mumps,Mumps,Wisconsin,North America,43.78444,-88.787868,2015,6,0,Cluster,"WMTV. ""UPDATE: Six new cases of mumps confirmed at UW-Whitewater."" October 26, 2015.",http://www.nbc15.com/home/headlines/UW-330014511.html
Whooping Cough,Whooping Cough,New Mexico,North America,34.5751567,-103.2663479,2015,13,0,Cluster,"Deming Headlight. ""Whooping Cough cases increase
 ."" November 2, 2015.",http://www.demingheadlight.com/story/news/2015/11/02/whooping-cough-cases-increase/75060900/
Whooping Cough,Whooping Cough,New York,North America,43.0102323,-78.1815803,2015,7,0,Cluster,"Fath, Rebecca. ""Cases of whooping cough reported in Batavia, Rochester."" News 10 WHEC Rochester. November 11, 2015.",http://www.whec.com/article/stories/s3960499.shtml
Whooping Cough,Whooping Cough,New York,North America,40.6781784,-73.9441579,2015,109,0,Epidemic,"New York City Department of Health and Mental Hygiene, ""ALERT # 40: Pertussis in New York City."" October 19, 2015.",https://a816-health30ssl.nyc.gov/sites/nychan/Lists/AlertUpdateAdvisoryDocuments/Pertussis%20Alert%20_10_16_15final.pdf
Whooping Cough,Whooping Cough,New York,North America,43.16103,-77.6109219,2015,1,0,Isolated,"Fath, Rebecca. ""Cases of whooping cough reported in Batavia, Rochester."" News 10 WHEC Rochester. November 11, 2015.",http://www.whec.com/article/stories/s3960499.shtml
Whooping Cough,Whooping Cough,North Carolina,North America,35.21905,-83.04153,2015,5,0,Cluster,"Transylvania Times. ""Pertussis Cases Back In Transylvania County – Transylvania County NC."" April 16, 2015.",http://www.transylvaniatimes.com/story/2015/04/16/news/pertussis-cases-back-in-transylvania-county-transylvania-county-nc/22380.html
Measles,Measles,Oklahoma,North America,36.145,-97.00684,2015,1,0,Isolated,"KJRH-TV. ""Oklahoma State Department of Health announces confirmed case of measles virus in Stillwater."" March 27, 2015.",http://www.kjrh.com/news/health/oklahoma-state-department-of-health-announces-confirmed-case-of-measles-virus-in-stillwater
Whooping Cough,Whooping Cough,Oregon,North America,36.25473,-94.47998,2015,8,1,Cluster,"Lodi News-Sentinel, ""San Joaquin County reports death from whooping cough ."" March 6, 2015.",http://www.lodinews.com/news/article_691509ea-c3d9-11e4-9b64-bbc28dc835c9.html
Whooping Cough,Whooping Cough,Oregon,North America,44.55211,-123.28839,2015,2,0,Cluster,"Corvallis Gazette Times. ""New pertussis cases confirmed at CHS."" April 10, 2015.",http://www.gazettetimes.com/news/local/new-pertussis-cases-confirmed-at-chs/article_add88742-560a-5854-8b2a-f8fd7c899362.html
Measles,Measles,Oregon,North America,44.17009,-120.02849,2015,1,0,Secondary,"California Department of Public Health. ""Measles."" January 21, 2015.",http://www.cdph.ca.gov/HealthInfo/discond/Pages/Measles.aspx
Measles,Measles,Pennsylvania,North America,40.58879,-77.56806,2015,1,0,Isolated,"Center for Disease Control and Prevention. ""Measles Cases and Outbreaks."" February 20, 2015.",http://www.cdc.gov/measles/cases-outbreaks.html
Whooping Cough,Whooping Cough,Pennsylvania,North America,40.03699,-75.3762,2015,8,0,Cluster,"Logue, Tim. ""Eight cases of whooping cough confirmed at Radnor High School."" Delaware County Daily Times. April 10, 2015.",http://www.delcotimes.com/general-news/20150410/eight-cases-of-whooping-cough-confirmed-at-radnor-high-school
Measles,Measles,South Dakota,North America,43.70943,-98.0298,2015,13,0,Epidemic,"Outbreak News Today. ""South Dakota measles outbreak now at 13."" January 12, 2015.",http://outbreaknewstoday.com/south-dakota-measles-outbreak-now-at-13-56638/
Whooping Cough,Whooping Cough,Texas,North America,33.0198431,-96.6988856,2015,2,0,Cluster,"WFAA. ""Two Plano high school students diagnosed with whooping cough
 ."" November 9, 2015.",http://www.wfaa.com/story/news/health/2015/11/09/two-plano-high-school-students-diagnosed-with-whooping-cough/75490264/
Measles,Measles,Texas,North America,32.7732,-97.35166,2015,1,0,Isolated,"Rose, Ashley. ""Tarrant County resident returns from India with case of measles."" Dallas Morning News. January 20, 2015.",http://thescoopblog.dallasnews.com/2015/01/tarrant-county-resident-returns-from-india-with-case-of-measles.html/
Whooping Cough,Whooping Cough,Utah,North America,40.82976,-110.99835,2015,63,0,Cluster,"Vaccine News Daily Reports. ""Park City, Utah sees whooping cough outbreak."" April 8, 2015.",http://vaccinenewsdaily.com/news/333382-park-city-utah-sees-whooping-cough-outbreak/
Measles,Measles,Utah,North America,39.66547,-110.08513,2015,3,0,Secondary,"Centers for Disease Control and Prevention. ""U.S. Multi-state Measles Outbreak 2014—2015."" February 20, 2015.",http://www.cdc.gov/measles/multi-state-outbreak.html
Whooping Cough,Whooping Cough,Virginia,North America,38.0567092,-78.6114999,2015,1,0,Isolated,"NBC 29.com. ""Case of Whooping Cough at WAHS."" November 12, 2015.",http://www.nbc29.com/story/30502641/case-of-whooping-cough-at-wahs
Measles,Measles,Virginia,North America,38.90855,-77.24052,2015,1,0,Isolated,"NBC News. ""Measles Case Confirmed in Fairfax County."" May 19, 2015.",http://www.nbcwashington.com/news/local/Measles-Case-Confirmed-in-Fairfax-County-304324971.html
Measles,Measles,Virginia,North America,38.908547,-77.240515,2015,1,0,Isolated,"NBC News 4. ""Measles Case Confirmed in Fairfax County."" October 9, 2015.",http://www.nbcwashington.com/news/local/Measles-Case-Confirmed-in-Fairfax-County-2015.html
Measles,Measles,Washington D.C.,North America,38.92028,-77.03344,2015,2,0,Cluster,"District Chronicles. ""Metro Brief: District of Columbia confirms second case of measles in 2015."" March 2, 2015.",http://www.districtchronicles.com/news/view.php/861981/Metro-Brief-District-of-Columbia-confirm
Measles,Measles,Washington,North America,48.04051,-124.01677,2015,1,1,Isolated,"King 5 News. ""Clallam Co. woman dies of measles; 1st US death since 2003."" July 2, 2015.",http://www.king5.com/story/news/health/2015/07/02/clallam-county-measles-death/29622875/
Whooping Cough,Whooping Cough,Washington,North America,46.23698,-118.58548,2015,28,0,Cluster,"Aney, Kathy. ""Weaker vaccine blamed for whooping cough outbreak."" East Oregonian. April 22, 2015.",http://www.eastoregonian.com/eo/local-news/20150422/weaker-vaccine-blamed-for-whooping-cough-outbreak
Measles,Measles,Washington,North America,47.58068,-122.05587,2015,5,0,Secondary,"Center for Disease Control and Prevention. "" Measles Cases and Outbreaks."" March 13, 2015",http://www.cdc.gov/measles/cases-outbreaks.html
Measles,Measles,Washington,North America,47.65878,-117.42605,2015,1,0,Isolated,"Pusatory, Matt. ""Health District confirms case of measles in Spokane."" April 22, 2015.",http://www.khq.com/story/28863615/health-district-confirms-case-of-measles-in-spokane
Whooping Cough,Whooping Cough,West Virginia,North America,38.5976262,-80.4549026,2015,52,0,Epidemic,"Clutter, Crissy. ""Whooping cough cases up in West Virginia."" WTOV 9 Fox News. November 9, 2015.",http://wtov9.com/news/local/whooping-cough-cases-up-in-west-virginia
Whooping Cough,Whooping Cough,Alaska,North America,64.200841,-149.493673,2015,106,0,Epidemic,"Schoenfeld, Ed. ""Pertussis, aka whooping cough, in Petersburg."" KSFK.org. January 18, 2017.",http://www.kfsk.org/2017/01/18/pertussis-aka-whooping-cough-found-in-petersburg/
Other,H1N1 Flu,Washington,North America,38.907192,-77.036871,2016,1,1,Isolated,"Guerra, Kristine. ""She didn’t think a flu shot was necessary — until her daughter died."" Washington Post. October 27, 2016.",https://www.washingtonpost.com/news/to-your-health/wp/2016/10/27/she-didnt-think-a-flu-shot-was-necessary-until-her-daughter-died/
Whooping Cough,Whooping Cough,Texas,North America,30.181,-97.79152,2016,2,0,Isolated,"""Pertussis case confirmed at Williams Elementary."" KVUE. February 2, 2016.",
Attacks,Announcement,Mississippi,North America,32.35467,-89.39853,2016,0,0,Announcement,"Edney, Daniel. ""Bill 938 puts children at risk."" The Oxford Eagle. March 21, 2016.",http://www.oxfordeagle.com/2016/03/21/bill-938-puts-children-at-risk/
Whooping Cough,Whooping Cough,New York,North America,41.77844,-73.74779,2016,47,0,Cluster,"Dunne, Alison. ""Winter Brought High Number of Pertussis Cases in Dutchess."" WAMC. April 1, 2016.",http://wamc.org/post/winter-brought-high-number-pertussis-cases-dutchess#stream/0
Whooping Cough,Whooping Cough,California,North America,35.49373,-118.85968,2016,1,1,Isolated,"23 ABC News. “Infant reported as first whooping cough death for Kern County in 2016."" May 3, 2016.",http://www.turnto23.com/news/local-news/kern-has-first-confirmed-whooping-cough-death-in-2016
Whooping Cough,Whooping Cough,Portland,North America,45.52306,-122.67648,2016,9,0,Cluster,"Graves, Lincoln. ""Case of whooping cough found at Portland elementary school."" KATU. May 20, 2016.",http://katu.com/news/local/case-of-whooping-cough-found-at-portland-elementary-school
Whooping Cough,Whooping Cough,California,North America,35.49373,-118.85968,2016,3500,0,Epidemic,"Hesler, Clinton. ""Whooping Cough epidemic infects California, 3500 cases so far."" Science. June 15, 2016.",http://thewestsidestory.net/whooping-cough-epidemic-infects-california-3500-cases-far/
Whooping Cough,Whooping Cough,Ohio,North America,40.4173,-82.9071,2016,16,0,Cluster,"Carter, Andrew. ""Whooping cough cases reach outbreak level."" Marion Star. June 29, 2016.",http://www.marionstar.com/story/news/2016/06/29/whooping-cough-cases-reach-outbreak-level/86516032/
Attacks,Announcement,Arizona,North America,33.44838,-112.07404,2016,0,0,Announcement,"Olson, Samantha. ""Anti-Vaxxers May Have Caused the Largest Measles Outbreak This Year; Health officials to Declare State of Emergency."" Medical Daily. July 10, 2016.",http://www.medicaldaily.com/measles-outbreak-anti-vaxxers-391545
Whooping Cough,Whooping Cough,Minnesota,North America,43.9952,-92.3814,2016,173,0,Epidemic,"Boese, Brett. ""Olmsted County's pertussis outbreak hits 173."" Post Bulletin. July 27, 2016.",http://www.postbulletin.com/news/local/olmsted-county-s-pertussis-outbreak-hits/article_1bbf5f56-41ce-53e9-a61f-fb3de30e0bdd.html
Whooping Cough,Whooping Cough,Oklahoma,North America,35.0078,-97.0929,2016,70,0,Cluster,"Cosgrove, Jaclyn. ""Oklahoma sees increase in whooping cough as vaccination rate declines."" Tulsa World. July 28, 2016.",http://www.tulsaworld.com/news/health/oklahoma-sees-increase-in-whooping-cough-as-vaccination-rate-declines/article_1bc1e9cb-4099-56b3-a1db-035c1e609f1b.html
Whooping Cough,Whooping Cough,Jefferson County,North America,43.089927,-88.710896,2016,15,0,Cluster,"Channel 3000. ""Whooping cough cases reported in Jefferson County."" September 16, 2016.",http://www.channel3000.com/health/whooping-cough-cases-reported-in-jefferson-county/41697284
Whooping Cough,Whooping Cough,Virginia,North America,37.413754,-79.142246,2016,1,0,Isolated,"The News & Advance. ""Update: Whooping cough confirmed at E.C. Glass in Lynchburg."" September 15, 2016.",http://www.newsadvance.com/news/local/update-whooping-cough-confirmed-at-e-c-glass-in-lynchburg/article_ff1796dc-7b5d-11e6-9497-a77239f4db3c.html
Whooping Cough,Whooping Cough,New Jersey,North America,40.833604,-74.546328,2016,1,0,Isolated,"Zaremba, Justin.. ""District alerts parent to student treated for whooping cough."" NJ.com. September 13, 2016.",http://www.nj.com/morris/index.ssf/2016/09/case_of_whooping_cough_confirmed_at_chatham_high_s.html
Attacks,Announcement,Illinois,North America,40.633125,-89.398528,2016,0,0,Announcement,"Infectious Disease News. ""CDC considers guidance on third MMR dose following campus outbreak."" September 2016.",http://www.healio.com/infectious-disease/vaccine-preventable-diseases/news/print/infectious-disease-news/%7Be12a2a27-d121-4dc0-b05a-bbf77f921fd1%7D/cdc-considers-guidance-on-third-mmr-dose-following-campus-outbreak
Attacks,Announcement,Oklahoma,North America,35.007752,-97.092877,2016,0,0,Announcement,"Asher, Sally. ""UPDATE: Some in suspected mumps outbreak were vaccinated."" Enid News & Eagle. September 15, 2016.",http://www.enidnews.com/news/local_news/update-some-in-suspected-mumps-outbreak-were-vaccinated/article_47c989a4-7b67-11e6-8e84-dffe3f42c206.html
Attacks,Announcement,New Jersey,North America,40.058324,-74.405661,2016,0,0,Announcement,"Hill, Michael. ""Even in the Age of Vaccines Measles Outbreaks Can Occur."" NJTV News. November 23, 2016.",http://www.njtvonline.org/news/video/even-age-vaccines-measles-outbreaks-can-occur/
Whooping Cough,Whooping Cough,California,North America,37.333658,-121.890704,2016,44,0,Cluster,"Dremann, Sue. ""Whooping cough hits some Palo Alto schools."" Palo Alto Online. December 16, 2016.",http://www.paloaltoonline.com/news/2016/12/16/whooping-cough-hits-some-palo-alto-schools
Whooping Cough,Whooping Cough,New Mexico,North America,32.417062,-104.47233,2016,20,0,Cluster,"Trujillo, Daniel. ""Whooping cough outbreak in Eddy County."" KRQE. December 20, 2016.",http://krqe.com/blog/2016/12/20/whooping-cough-outbreak-in-eddy-county/
Measles,Measles,Texas,North America,33.179521,-96.49298,2016,1,0,Secondary,"Parry, Hannah. ""Unvaccinated child who caught measles after travelling internationally may have exposed students and staff at Texas elementary school."" Daily Mail. January 19,. 2016.",http://www.dailymail.co.uk/news/article-3406638/Unvaccinated-child-developed-measles-travelling-internationally-exposed-students-staff-Texas-elementary-school.html
Measles,Measles,Nevada City,North America,39.261561,-121.016059,2016,1,0,Isolated,"Lavin, Emily. ""Officials: Yuba River Charter School closed Tuesday due to measles case (DOCUMENTS)."" The Union. March 29, 2016.",http://www.theunion.com/news/local-news/officials-yuba-river-charter-school-closed-tuesday-due-to-measles-case-documents/
Measles,Measles,California,North America,37.917594,-121.171039,2016,1,0,Isolated,"Recordnet.com. ""County health officials fear measles outbreak."" April 1, 2016.",http://www.recordnet.com/article/20160401/NEWS/160409979
Measles,Measles,California,North America,38.196048,-120.680504,2016,1,0,Isolated,"Calaveras Enterprise. ""Calaveras Public Health investigates confirmed measles case."" April 5, 2016.",http://www.calaverasenterprise.com/news/article_9b820334-fb86-11e5-bca5-eff70c84715f.html
Measles,Measles,Massachusetts,North America,42.407211,-71.382437,2016,1,0,Secondary,"CBS Boston. ""Massachusetts Health Officials Confirm 1st Measles Case This Year [2016]."" May 12, 2016.",http://boston.cbslocal.com/2016/05/12/health-officials-confirm-first-measles-case-in-massachusetts-this-year/
Measles,Measles,California,North America,34.052227,-118.24366,2017,20,0,Cluster,"Karlamanga, Soumya. ""Measles outbreak grows in L.A.'s Orthodox Jewish community despite California's strict new vaccination law."" Los Angeles Times. January 21, 2017.",http://www.latimes.com/local/california/la-me-ln-measles-20170120-story.html
Measles,Measles,Tennessee,North America,35.126855,-89.925323,2016,7,0,Cluster,"Leahy, Michael Patrick. ""Measles Outbreak in Memphis Began at Mosque."" May 10, 2016.",http://www.breitbart.com/big-government/2016/05/10/measles-outbreak-memphis-began-mosque/
Measles,Measles,Florida,North America,26.069985,-81.427898,2016,1,0,Isolated,"Wink News. ""Measles case confirmed in Collier County."" June 7, 2016.",http://www.winknews.com/2016/06/07/health-alert-measles-case-confirmed-in-collier-county/
Measles,Measles,Arizona,North America,34.048928,-111.093731,2016,20,0,Cluster,"Marizco, Michel. ""Health Officials: Eloy Detention Center Workers Refusing Measles Vaccinations, Fueling Outbreak."" Fronteras. June 30, 2016.",http://www.fronterasdesk.org/content/10355/health-officials-eloy-detention-center-workers-refusing-measles-vaccinations-fueling
Measles,Measles,Florida,North America,25.551603,-80.632692,2016,1,0,Isolated,"NBC Miami. ""Case of measles confirmed in Miami-Dade County [Florida]."" June 23, 2016.",http://www.wptv.com/news/state/measles-confirmed-in-unvaccinated-child-in-miami-dade-county
Measles,Measles,Colorado,North America,39.550051,-105.782067,2016,1,0,Isolated,"Padilla, Anica. ""Baby with measles might have exposed people in Denver, south metro area."" Fox 31. July 18, 2016.",http://kdvr.com/2016/07/18/baby-with-measles-may-have-exposed-people-in-denver-littleton-more/
Measles,Measles,North Carolina,North America,35.759573,-79.0193,2016,1,0,Secondary,"WRAL. ""After overseas trip [to Europe], Wake [North Carolina] resident could have spread measles at home."" August 2, 2016.",http://www.wral.com/wake-investigating-suspected-measles-case/15897366/
Measles,Measles,Michigan,North America,42.280826,-83.743038,2016,1,0,Secondary,"University of Michigan Health System. ""Washtenaw County Public Health confirms measles in adult resident."" October 15, 2016.",http://www.uofmhealth.org/news/archive/201610/washtenaw-county-public-health-confirms-measles-adult
Measles,Measles,California,North America,34.052227,-118.24366,2016,12,0,Cluster,"Herriman, Robert. ""Southern California measles outbreak: Most unvaccinated."" Outbreak News Today. December 31, 2016.",http://outbreaknewstoday.com/southern-california-measles-outbreak-unvaccinated-14307/
Attacks,Announcement,Michigan,North America,45.917176,-89.244299,2016,0,0,Announcement,"WSAU. ""More Schools Close Due to Pertussis."" December 20, 2016.",http://wsau.com/news/articles/2016/dec/21/more-schools-close-due-to-pertussis/
Attacks,Announcement,California,North America,34.052234,-118.243685,2016,0,0,Announcement,"Larson, Heidi. ""USA: Measles Outbreak in Los Angeles Jewish Community."" The Vaccine Confidence Project. December 29, 2016.",http://www.vaccineconfidence.org/usa-measles-outbreak-in-los-angeles-jewish-community/
Whooping Cough,Whooping Cough,New York,North America,45.67508,-89.461656,2016,39,0,Epidemic,"WSAW. ""Vilas, Oneida Co. release newest whooping cough numbers."" December 30, 2016.",http://www.wsaw.com/content/news/Vilas-Oneida-Co-release-newest-whooping-cough-numbers-408830535.html
Measles,Measles,San Luis Obispo County,North America,35.31023,-120.435763,2017,2,0,Cluster,"Cal Coast News. ""SLO County infant contracts measles."" January 20, 2017.",https://calcoastnews.com/2017/01/slo-county-baby-infant-measles/
Measles,Measles,California,North America,34.420831,-119.69819,2017,1,0,Isolated,"Edhat. ""Update on Measles Investigation from Public Health."" January 5, 2017.",http://www.edhat.com/site/tidbit.cfm?nid=179671
Attacks,Announcement,Texas,North America,30.267153,-97.743061,2017,0,0,Announcement,"KXAN. ""Measles making comeback as parents opt out of vaccines."" January 5, 2017.",http://nbc4i.com/2017/01/05/measles-making-comeback-as-parents-opt-out-of-vaccines/
Whooping Cough,Whooping Cough,New Mexico,North America,48.611804,-122.960262,2017,6,0,Cluster,"The Islands' Weekly. ""Pertussis cases continue in San Juan County."" January 11, 2017.",http://www.islandsweekly.com/news/pertussis-cases-continue-in-san-juan-county/
Whooping Cough,Whooping Cough,Kansas,North America,38.257064,-95.814288,2017,1,0,Isolated,"Smith, Kyle. ""Case of pertussis (whooping cough) confirmed in Coffey Coffey."" KVOE. January 9, 2017.",http://www.kvoe.com/newsedit/16911-case-of-pertussis-whooping-cough-confirmed-in-coffey-coffey
Whooping Cough,Whooping Cough,Ohio,North America,39.33312,-82.982402,2016,3,0,Cluster,"USA Today. ""County in Ohio sees uptick in whooping cough cases."" December 28, 2016.",http://www.usatoday.com/story/news/nation-now/2016/12/28/county-ohio-sees-uptick-whooping-cough-cases/95912908/
Attacks,Announcement,Tennessee,North America,35.517491,-86.580447,2017,0,0,Announcement,"Chaney, Kim. ""TN Department Of Health Warns About Mumps Outbreak."" Local Memphis. January 18, 2017.",http://www.localmemphis.com/news/local-news/tn-department-of-health-warns-about-mumps-outbreak/641987313
Attacks,Announcement,Washington,North America,47.658693,-117.422548,2017,0,0,Announcement,"Ditzler, Grace. ""179 ""at risk"" students to be excluded from school due to mumps outbreak."" KXLY. January 17, 2017.",http://www.kxly.com/lifestyle/health/175-at-risk-students-to-be-excluded-from-school-due-to-mumps-outbreak/274866585
Attacks,Announcement,Louisiana,North America,30.984298,-91.962333,2017,0,0,Announcement,"Glaser, Britney. ""Mumps outbreak has Louisiana health officials on alert."" KPLC. January 18, 2017.",http://www.kplctv.com/story/34285590/mumps-outbreak-has-louisiana-health-officials-on-alert
Whooping Cough,Whooping Cough,Alaska,North America,56.8125,-132.955556,2017,1,0,Isolated,"Schoenfeld, Ed. ""Pertussis, aka whooping cough, in Petersburg."" KSFK.org. January 18, 2017.",http://www.kfsk.org/2017/01/18/pertussis-aka-whooping-cough-found-in-petersburg/
Measles,Measles,California,North America,34.370488,-119.139064,2017,5,0,Cluster,"Kisken, Tom. ""Four measles cases reported in county."" Ventura County Star. January 26, 2017.",http://www.vcstar.com/story/news/local/2017/01/26/four-measles-cases-reported-county/97097372/
Whooping Cough,Whooping Cough,Texas,North America,33.930965,-98.748117,2017,10,0,Cluster,"Sweeten-Shults, Lana. ""Whooping cough cases on the rise."" Times Record News. January 23, 2017.",http://www.timesrecordnews.com/story/news/local/2017/01/23/whooping-cough-cases-rise/96959912/
Measles,Measles,New Jersey,North America,40.74532,-74.053513,2017,2,0,Cluster,"Hubbard, Daniel. ""Annual Number Of N.J. Measles Cases Fast Approaching Recent 2-Year Total."" Wayne Patch. January 31, 2017.",http://patch.com/new-jersey/wayne/annual-number-n-j-measles-cases-fast-approaching-recent-2-year-total
Measles,Measles,New York,North America,40.984878,-72.615117,2017,1,0,Secondary,"Bonner, Ryan. ""Measles Case in Infant Confirmed in Suffolk County."" West Islip Patch. January 28, 2017.",http://patch.com/new-york/westislip/case-measles-infant-confirmed-suffolk-county
Other,Chicken Pox,Maryland,North America,37.20703,-80.410396,2017,3,0,Cluster,"Williams, Travis. ""Chickenpox Breakout Forces HS Hoops Cancellations."" Athletic Business. February 7, 2017.",http://www.athleticbusiness.com/athlete-safety/chicken-pox-breakout-forces-hs-hoops-cancellations.html
Measles,Measles,California,North America,46.880165,-117.36435,2017,1,0,Isolated,"Daily News. ""Measles case identified in Colfax child."" February 16, 2017.",http://dnews.com/measles-case-identified-in-colfax-child/article_7a6807fe-f494-11e6-ba11-e34c312e8d69.html
Attacks,Announcement,Washington,North America,47.751074,-120.740139,2017,0,0,Announcement,"Boxleitner, Kirk. ""County officials prep for possible mumps outbreak."" PT Leader. February 22, 2017.",http://www.ptleader.com/news/health/county-officials-prep-for-possible-mumps-outbreak/article_92474098-f88a-11e6-a82d-17af3dde73c9.html
Measles,Measles,Utah,North America,39.32098,-111.093731,2017,1,0,Isolated,"Weber, Sara. ""Two people in Utah infected with mumps, one more infected with measles."" KUTV. February 16, 2017.",http://kutv.com/news/local/two-people-in-utah-infected-with-mumps-one-more-infected-with-measles
Whooping Cough,Whooping Cough,Michigan,North America,44.314844,-85.602364,2016,448,0,Epidemic,"Tanner, Kristi. ""Whooping cough cases keep climbing in Michigan."" Detroit Free Press. February 17, 2017.",http://www.freep.com/story/opinion/contributors/raw-data/2017/02/17/whooping-cough-rise-michigan/97986438/
Whooping Cough,Whooping Cough,Kentucky,North America,38.040584,-84.503716,2017,5,0,Cluster,"KY Forward. ""Lexington Health Department alerts parents to new pertussis cases at Clays Mill Elementary."" February 8, 2017.",http://www.kyforward.com/lexington-health-department-alerts-parents-to-new-pertussis-cases-at-clays-mill-elementary/
Whooping Cough,Whooping Cough,Wisconsin,North America,42.682789,-89.018722,2017,10,0,Cluster,"WKOW. ""UPDATE: Whooping cough outbreak has health officials encouraging immunizations."" March 21, 2017.",http://www.wkow.com/story/34964904/immunization-clinic-today-at-janesville-school-after-whooping-cough-outbreak
Other,Tetanus,Kentucky,North America,37.839333,-84.270018,2016,1,0,Isolated,"Yaffee AQ, Day DL, Bastin G, et al. ""Obstetric Tetanus in an
 Unvaccinated Woman After a Home Birth Delivery -- Kentucky, 2016."" Morbidity and Mortality Weekly Report. March 23, 2017.",https://www.cdc.gov/mmwr/volumes/66/wr/mm6611a7.htm?s_cid=mm6611a7_w
Other,Hepatitis A,Michigan,North America,44.314844,-85.602364,2017,107,0,Epidemic,"CBS Detroit. ""Officials: Hepatitis A Is On The Rise In Southeast Michigan."" March 24, 2017.",http://detroit.cbslocal.com/2017/03/24/officials-hepatitis-a-is-on-the-rise-in-southeast-michigan/
Measles,Measles,Nebraska,North America,41.252363,-95.997988,2017,1,0,Secondary,"KETV. ""Measles case exposures in Douglas, Sarpy counties."" March 23, 2017.",http://www.ketv.com/article/measles-case-exposures-in-douglas-sarpy-counties/9173888
Measles,Measles,Michigan,North America,44.314844,-85.602364,2017,2,0,Cluster,"Afana, Dana. ""Second Michigan measles patient was on airplane with first, health officials say."" MLive. April 14, 2017.",http://www.mlive.com/news/detroit/index.ssf/2017/04/second_case_of_measles_confirm.html
Measles,Measles,Seattle,North America,47.606209,-122.332071,2017,2,0,Cluster,"KIRO 7. ""Visited these Seattle buildings? Measles case creates exposure concern."" March 21, 2017.",http://www.kiro7.com/news/local/visited-these-seattle-buildings-measles-case-creates-exposure-concern/504723075
Measles,Measles,California,North America,33.717471,-117.831143,2017,2,0,Cluster,"Ritchie, Erika I. ""Laguna Beach High student contracts measles; 6 other unvaccinated students barred from school."" The Orange County Register. April 7, 2017.",http://www.ocregister.com/2017/04/07/laguna-beach-high-student-contracts-measles-6-other-unvaccinated-students-barred-from-school/
Mumps,Mumps,Texas,North America,31.968599,-99.901813,2017,221,0,Epidemic,"Scutti, Susan. ""Texas warns about biggest mumps outbreak in 22 years."" CNN. April 14, 2017.",http://www.cnn.com/2017/04/14/health/mumps-texas/
Mumps,Mumps,Arkansas,North America,35.20105,-91.831833,2017,2931,0,Epidemic,"Scutti, Susan. ""Texas warns about biggest mumps outbreak in 22 years."" CNN. April 14, 2017.",http://www.cnn.com/2017/04/14/health/mumps-texas/
Mumps,Mumps,Washington,North America,47.751074,-120.740139,2017,611,0,Epidemic,"Washington State Department of Health. ""Weekly Mumps Outbreak Summary for Washington State."" April 6, 2017.",http://www.doh.wa.gov/Portals/1/Documents/Pubs/420-187WeeklyMumpsUpdate.pdf
Mumps,Mumps,Kansas,North America,39.011902,-98.484246,2017,79,0,Epidemic,"Connor, Kaley. ""Officials monitoring Kansas mumps outbreak."" The Hays Daily News. March 26, 2017.",http://www.hdnews.net/news/officials-monitoring-kansas-mumps-outbreak/article_6e2f297a-968a-556a-b7cc-493668218e80.html
Mumps,Mumps,Colorado,North America,39.550051,-105.782067,2017,60,0,Epidemic,"Ingold, John. ""Mumps cases are booming in Colorado in 2017; most occurred in unvaccinated people."" The Denver Post. April 3, 2017.",http://www.denverpost.com/2017/04/03/mumps-cases-booming-colorado/
Mumps,Mumps,Ohio,North America,42.368936,-87.827153,2017,13,0,Cluster,"Rowland, Amie. ""Mumps Outbreak Impacts Four Counties and Several Schools."" Patch. April 6, 2017.",https://patch.com/illinois/grayslake/mumps-outbreak-impacts-four-counties-several-schools
Mumps,Mumps,New York,North America,42.166952,-88.341324,2017,6,0,Cluster,"Smith, Katie. ""Officials"" 3 more Jacobs High students test positive for mumps."" Daily Herald. June 7, 2017.",http://www.dailyherald.com/news/20170607/officials-3-more-jacobs-high-students-test-positive-for-mumps
Mumps,Mumps,Pennsylvania,North America,40.793395,-77.860001,2017,86,0,Epidemic,"Anwar, Sarah. ""Mumps Outbreak at Penn State Infects More than 80 Individuals."" ContagionLive. May 31, 2017.",http://www.contagionlive.com/news/mumps-outbreak-at-penn-state-infects-more-than-80-individuals
Mumps,Mumps,Louisiana,North America,30.458283,-91.14032,2017,20,0,Cluster,"McKnight, Laura. ""Mumps cases reach 20 at LSU: Fox 8 report."" NOLA.com. March 28, 2017.",http://www.nola.com/health/index.ssf/2017/03/lsu_mumps_outbreak.html
Mumps,Mumps,Alabama,North America,33.209841,-87.569173,2017,7,0,Cluster,"Yurkanin, Amy. ""More mumps cases confirmed at the University of Alabama."" AL.com. March 9, 2017.",http://www.al.com/news/index.ssf/2017/03/more_mumps_cases_diagnosed_at.html
Mumps,Mumps,Pennsylvania,North America,33.450221,-84.480261,2017,2,0,Cluster,"Helton, Shelby. ""Two cases of mumps confirmed."" Kentucky Kernel. April 6, 2017.",http://www.kykernel.com/news/two-cases-of-mumps-confirmed/article_270d24e4-1ad3-11e7-9b3a-83d7ef398b4f.html
Mumps,Mumps,California,North America,33.787794,-117.853112,2017,17,0,Cluster,"Hengy, Claude. ""Réémergence des oreillons aux États-Unis."" MesVaccins.net. May 23, 2017.",https://www.mesvaccins.net/web/news/10756-reemergence-des-oreillons-aux-etats-unis
Mumps,Mumps,California,North America,37.957702,-121.29078,2017,2,0,Cluster,"Fox 40. ""Two Stockton College Students Diagnosed with Mumps, 7 More Being Investigated."" April 7, 2017.",http://fox40.com/2017/04/07/two-stockton-college-students-diagnosed-with-mumps-7-more-being-investigated/
Mumps,Mumps,Oklahoma,North America,35.007752,-97.092877,2017,104,0,Epidemic,"Oklahoma State Department of Health. ""Mumps Outbreak Summary – March 23, 2017."" March 23, 2017.",https://www.ok.gov/health2/documents/Mumps%20Outbreak%20Web%20Update%20SEP19.pdf
Whooping Cough,Whooping Cough,Massachusetts,North America,43.800621,-70.186723,2017,5,0,Cluster,"WGME. ""5 students diagnosed with whooping cough in Yarmouth."" April 7, 2017.",http://wgme.com/news/local/5-students-diagnosed-with-whooping-cough-in-yarmouth
Whooping Cough,Whooping Cough,Minnesota,North America,40.666892,-111.887991,2017,32,0,Cluster,"Wood, Benjamin. ""County whooping cough rate getting boost from charter."" The Salt Lake Tribune. May 17, 2017.",http://www.sltrib.com/news/5297341-155/whooping-cough-outbreak-at-charter-school
Whooping Cough,Whooping Cough,Nebraska,North America,41.200257,-96.031987,2017,4,0,Cluster,"KETV. ""Four cases of whooping cough confirmed in Ralston Schools."" April 11, 2017.",http://www.ketv.com/article/four-cases-of-whooping-cough-confirmed-in-ralston-schools/9261651
Measles,Measles,New York,North America,42.620795,-83.847302,2017,1,0,Isolated,"Roose-Church, Lisa. ""Livingston residents warned about possible measles exposure locations."" Detroit Free Press. April 18, 2017.",http://www.freep.com/story/news/local/michigan/2017/04/18/livingston-measles-brighton-restaurant/100606832/
Mumps,Mumps,Minneapolis,North America,44.977753,-93.265011,2017,6,0,Cluster,"CBS News. ""Mumps outbreak reported at University of Minnesota."" April 21, 2017.",http://www.cbsnews.com/news/mumps-outbreak-reported-at-university-of-minnesota/
Mumps,Mumps,Mississippi,North America,30.840186,-89.534231,2017,10,0,Cluster,"Arenstam, Julia. ""10 confirmed cases of mumps at PRCC."" Picayune Item. April 28, 2017.",http://www.picayuneitem.com/2017/04/10-confirmed-cases-of-mumps-at-prcc/
Whooping Cough,Whooping Cough,Kansas,North America,37.263904,-95.31025,2017,6,0,Cluster,"Nolting, Ray. ""County’s pertussis numbers continue to climb."" Parson Sun. April 27, 2017.",http://www.parsonssun.com/news/article_015be532-2bc7-11e7-a026-dbbd7aa1e4fd.html
Whooping Cough,Whooping Cough,Washington,North America,38.656525,-84.647912,2017,25,0,Cluster,"London, John. ""At least 25 whooping cough cases reported in Grant County."" WLWT5. April 28, 2017.",http://www.wlwt.com/article/19-whooping-cough-cases-reported-in-grant-county-schools/9577025
Whooping Cough,Whooping Cough,New York,North America,45.67508,-89.461656,2017,4,0,Cluster,"Star Journal. ""Four cases confirmed in Three Lakes."" May 3, 2017.",http://www.starjournalnow.com/2017/05/03/pertussis-in-the-northwoods-again/#_
Whooping Cough,Whooping Cough,Texas,North America,32.902805,-85.354965,2017,6,0,Cluster,"Fellows, J.T. ""Whooping cough outbreak reported at Chambers County Schools."" WTVM 9. May 4, 2017.",http://www.wtvm.com/story/35345092/whooping-cough-outbreak-reported-at-chambers-county-schools
Mumps,Mumps,Missouri,North America,37.305884,-89.518148,2017,58,0,Cluster,"Niederkorn, Marybeth. ""Southeast reports 58 students with mumps; outbreak may have peaked."" Southeast Missourian. April 30, 2017.",http://www.semissourian.com/story/2408011.html
Mumps,Mumps,Hawaii,North America,21.438912,-158.000057,2017,104,0,Cluster,"Outbreak News Today. ""Hawaii Mumps Cases Tops 100."" June 17, 2017.",http://outbreaknewstoday.com/hawaii-mumps-cases-tops-100-45599/
Mumps,Mumps,New York,North America,42.718921,-73.811695,2017,45,0,Cluster,"Hughes, Claire. ""Capital Region deals with first mumps outbreak in years."" Times Union. June 8 , 2017.",http://www.timesunion.com/allwcm/article/Capital-Region-has-first-mumps-outbreak-in-years-11206309.php
Mumps,Mumps,Watauga County,North America,36.194182,-81.734942,2017,2,0,Cluster,"WBTV. ""Two Watauga Co residents confirmed with mumps virus."" April 29, 2017.",http://www.wbtv.com/story/35284491/two-watauga-co-residents-confirmed-with-mumps-virus
Mumps,Mumps,Alaska,North America,61.218056,-149.900278,2017,1,0,Isolated,"KTVA. ""Mumps case confirmed in Anchorage."" May 11, 2017.",http://www.ktva.com/mumps-case-confirmed-anchorage-964/
Whooping Cough,Whooping Cough,New York,North America,42.577854,-73.81838,2017,119,0,Cluster,"Hughes, Claire. ""Bethlehem schools have 7 cases of whooping cough."" Times Union. May 11, 2017.",http://www.timesunion.com/allwcm/article/Bethlehem-schools-have-7-cases-of-whooping-cough-11136242.php
Measles,Measles,Minnesota,North America,44.976658,-93.266459,2017,75,0,Cluster,"Fink, Jenni. ""17 Years After US Declares Measles Was Eliminated, One State Has More Cases Than Entire US."" Independent Journal Review. June 5, 2017.",http://ijr.com/2017/06/891672-17-years-us-declares-measles-eliminated-one-state-cases-entire-us/
Attacks,Announcement,Minnesota,North America,44.976658,-93.266459,2017,0,0,Announcement,"Lauritsen, John. ""John Oliver Tackles Minnesota’s Measles Outbreak On HBO Show."" CBS Minnesota. June 26, 2017.",http://minnesota.cbslocal.com/2017/06/26/john-oliver-measles-outbreak/
Attacks,Announcement,Minnesota,North America,44.976658,-93.266459,2017,0,0,Announcement,"Pearson, Carol. ""Minnesota Hoping for All-clear After Measles Outbreak in Somali-American Community."" VOA News. June 29, 2017.",https://www.voanews.com/a/minnesota-measles-outbreak-somali-community/3921139.html
Mumps,Mumps,California,North America,34.090009,-118.361744,2017,42,0,Cluster,"Karlamanga, Soumya. ""L.A. County health officials say 42 people have been infected with mumps."" Los Angeles Times. June 17, 2017.",http://www.latimes.com/local/california/la-me-ln-mumps-outbreak-20170616-story.html
Mumps,Mumps,Boston,North America,42.359871,-71.058862,2017,12,0,Cluster,"Freyer, Felice J. ""Puzzling mumps outbreak strikes Latino community."" The Boston Globe. June 2, 2017.",https://www.bostonglobe.com/metro/2017/06/02/puzzling-mumps-outbreak-strikes-latino-community/u23ijyno3vs0zLShotc2WM/story.html
Mumps,Mumps,Florida,North America,29.971942,-81.427898,2017,3,0,Cluster,"Campbell, Elizabeth. ""Mumps identified in Duval, St. Johns counties."" New4Jax. June 20, 2017.",http://www.news4jax.com/news/mumps-identified-in-duval-st-johns-counties
Mumps,Mumps,New Jersey,North America,45.233412,-118.041063,2017,4,0,Cluster,"""Oregon Health Officials Work to Curb Spread of Mumps."" U.S. News & World Report. June 15, 2017.",https://www.usnews.com/news/best-states/oregon/articles/2017-06-15/oregon-health-officials-work-to-curb-spread-of-mumps
Mumps,Mumps,Missouri,North America,42.334535,-122.764658,2017,1,0,Isolated,"Allison, Megan. ""Public health officials seeing mumps outbreak across Oregon."" News 10. June 15, 2017.",http://ktvl.com/news/local/public-health-officials-seeing-mumps-outbreak-across-oregon
Mumps,Mumps,New York,North America,43.026819,-76.178374,2017,5,0,Cluster,"Hengy, Claude. ""Réémergence des oreillons aux États-Unis."" MesVaccins.net. May 23, 2017.",https://www.mesvaccins.net/web/news/10756-reemergence-des-oreillons-aux-etats-unis
Measles,Measles,Maine,North America,44.670362,-70.15352,2017,1,0,Isolated,"U.S. News & World Report. ""Maine Has First Confirmed Case of Measles in 20 Years."" June 27, 2017.",https://www.usnews.com/news/best-states/maine/articles/2017-06-27/maine-has-first-confirmed-case-of-measles-in-20-years
Mumps,Mumps,Boston,North America,42.377003,-71.11666,2017,2,0,Cluster,"U.S. News & World Report. ""Officials: 2 Mumps Cases Confirmed at Harvard University."" June 24, 2017.",https://www.usnews.com/news/best-states/massachusetts/articles/2017-06-24/officials-2-mumps-cases-confirmed-at-harvard-university
Mumps,Mumps,Illinois,North America,40.314483,-89.169809,2017,5,0,Cluster,"Swiech, Paul. ""Testing Encouraged After 5 McLean County Residents Get Mumps."" The Pantagraph. June 6, 2017.",http://www.pantagraph.com/news/local/testing-encouraged-amid-mumps-outbreak/article_cfcf971c-6b33-556a-ba8e-2d0d27fe36f1.html
Measles,Measles,Boston,North America,42.363176,-71.06883,2017,0,0,Announcement,"Fearnow, Benjamin. ""Study: 52 Percent of US Travelers Not Receiving Measles Immunization."" StudyFinds. June 3, 2017.",https://www.studyfinds.org/measles-vaccination-traveling/
Whooping Cough,Whooping Cough,Indiana,North America,37.165887,-85.803305,2017,6,0,Whooping Cough,"Russell, Linda. ""300 Amish people got shots for whooping cough."" KY3. May 22, 2017.",http://www.ky3.com/content/news/whooping-cough-amish-seymour-423715413.html
Whooping Cough,Whooping Cough,Virginia,North America,37.505933,-77.332443,2017,2,0,Whooping Cough,"Armbruster, Will. ""Henrico parents notified of increase in pertussis cases."" 8News. June 7, 2017.",http://wric.com/2017/06/07/henrico-parents-notified-of-increase-in-pertussis-cases/
Whooping Cough,Whooping Cough,Washington,North America,48.424196,-121.711436,2017,9,0,Whooping Cough,"Bosh, Heather. ""Northwest Washington State hit with whooping cough."" King5 News. June 15, 2017.",http://www.king5.com/news/northwest-washington-state-hit-with-whooping-cough/449433756
Measles,Measles,New York,North America,43.295764,-73.690162,2017,1,0,Isolated,"Liberatore, Wendy. ""Health department warns of measles."" Times Union. June 21, 2017.",http://www.timesunion.com/allwcm/article/Health-department-warns-of-measles-11228616.php